{"tilemap": {"0;15": {"type": "grass", "variant": 0, "pos": [0, 15]}, "0;16": {"type": "grass", "variant": 7, "pos": [0, 16]}, "0;17": {"type": "grass", "variant": 7, "pos": [0, 17]}, "0;18": {"type": "grass", "variant": 7, "pos": [0, 18]}, "0;19": {"type": "grass", "variant": 7, "pos": [0, 19]}, "0;20": {"type": "grass", "variant": 7, "pos": [0, 20]}, "0;21": {"type": "grass", "variant": 7, "pos": [0, 21]}, "0;22": {"type": "grass", "variant": 7, "pos": [0, 22]}, "0;23": {"type": "grass", "variant": 7, "pos": [0, 23]}, "0;24": {"type": "grass", "variant": 6, "pos": [0, 24]}, "1;15": {"type": "grass", "variant": 1, "pos": [1, 15]}, "1;16": {"type": "grass", "variant": 8, "pos": [1, 16]}, "1;17": {"type": "grass", "variant": 8, "pos": [1, 17]}, "1;18": {"type": "grass", "variant": 8, "pos": [1, 18]}, "1;19": {"type": "grass", "variant": 8, "pos": [1, 19]}, "1;20": {"type": "grass", "variant": 8, "pos": [1, 20]}, "1;21": {"type": "grass", "variant": 8, "pos": [1, 21]}, "1;22": {"type": "grass", "variant": 8, "pos": [1, 22]}, "1;23": {"type": "grass", "variant": 8, "pos": [1, 23]}, "1;24": {"type": "grass", "variant": 5, "pos": [1, 24]}, "2;15": {"type": "grass", "variant": 1, "pos": [2, 15]}, "2;16": {"type": "grass", "variant": 8, "pos": [2, 16]}, "2;17": {"type": "grass", "variant": 8, "pos": [2, 17]}, "2;18": {"type": "grass", "variant": 8, "pos": [2, 18]}, "2;19": {"type": "grass", "variant": 8, "pos": [2, 19]}, "2;20": {"type": "grass", "variant": 8, "pos": [2, 20]}, "2;21": {"type": "grass", "variant": 8, "pos": [2, 21]}, "2;22": {"type": "grass", "variant": 8, "pos": [2, 22]}, "2;23": {"type": "grass", "variant": 8, "pos": [2, 23]}, "2;24": {"type": "grass", "variant": 5, "pos": [2, 24]}, "3;15": {"type": "grass", "variant": 1, "pos": [3, 15]}, "3;16": {"type": "grass", "variant": 8, "pos": [3, 16]}, "3;17": {"type": "grass", "variant": 8, "pos": [3, 17]}, "3;18": {"type": "grass", "variant": 8, "pos": [3, 18]}, "3;19": {"type": "grass", "variant": 8, "pos": [3, 19]}, "3;20": {"type": "grass", "variant": 8, "pos": [3, 20]}, "3;21": {"type": "grass", "variant": 8, "pos": [3, 21]}, "3;22": {"type": "grass", "variant": 8, "pos": [3, 22]}, "3;23": {"type": "grass", "variant": 8, "pos": [3, 23]}, "3;24": {"type": "grass", "variant": 5, "pos": [3, 24]}, "4;15": {"type": "grass", "variant": 1, "pos": [4, 15]}, "4;16": {"type": "grass", "variant": 8, "pos": [4, 16]}, "4;17": {"type": "grass", "variant": 8, "pos": [4, 17]}, "4;18": {"type": "grass", "variant": 8, "pos": [4, 18]}, "4;19": {"type": "grass", "variant": 8, "pos": [4, 19]}, "4;20": {"type": "grass", "variant": 8, "pos": [4, 20]}, "4;21": {"type": "grass", "variant": 8, "pos": [4, 21]}, "4;22": {"type": "grass", "variant": 8, "pos": [4, 22]}, "4;23": {"type": "grass", "variant": 8, "pos": [4, 23]}, "4;24": {"type": "grass", "variant": 5, "pos": [4, 24]}, "5;15": {"type": "grass", "variant": 1, "pos": [5, 15]}, "5;16": {"type": "grass", "variant": 8, "pos": [5, 16]}, "5;17": {"type": "grass", "variant": 8, "pos": [5, 17]}, "5;18": {"type": "grass", "variant": 8, "pos": [5, 18]}, "5;19": {"type": "grass", "variant": 8, "pos": [5, 19]}, "5;20": {"type": "grass", "variant": 8, "pos": [5, 20]}, "5;21": {"type": "grass", "variant": 8, "pos": [5, 21]}, "5;22": {"type": "grass", "variant": 8, "pos": [5, 22]}, "5;23": {"type": "grass", "variant": 8, "pos": [5, 23]}, "5;24": {"type": "grass", "variant": 5, "pos": [5, 24]}, "6;15": {"type": "grass", "variant": 1, "pos": [6, 15]}, "6;16": {"type": "grass", "variant": 8, "pos": [6, 16]}, "6;17": {"type": "grass", "variant": 8, "pos": [6, 17]}, "6;18": {"type": "grass", "variant": 8, "pos": [6, 18]}, "6;19": {"type": "grass", "variant": 8, "pos": [6, 19]}, "6;20": {"type": "grass", "variant": 8, "pos": [6, 20]}, "6;21": {"type": "grass", "variant": 8, "pos": [6, 21]}, "6;22": {"type": "grass", "variant": 8, "pos": [6, 22]}, "6;23": {"type": "grass", "variant": 8, "pos": [6, 23]}, "6;24": {"type": "grass", "variant": 5, "pos": [6, 24]}, "7;15": {"type": "grass", "variant": 1, "pos": [7, 15]}, "7;16": {"type": "grass", "variant": 8, "pos": [7, 16]}, "7;17": {"type": "grass", "variant": 8, "pos": [7, 17]}, "7;18": {"type": "grass", "variant": 8, "pos": [7, 18]}, "7;19": {"type": "grass", "variant": 8, "pos": [7, 19]}, "7;20": {"type": "grass", "variant": 8, "pos": [7, 20]}, "7;21": {"type": "grass", "variant": 8, "pos": [7, 21]}, "7;22": {"type": "grass", "variant": 8, "pos": [7, 22]}, "7;23": {"type": "grass", "variant": 8, "pos": [7, 23]}, "7;24": {"type": "grass", "variant": 5, "pos": [7, 24]}, "8;15": {"type": "grass", "variant": 1, "pos": [8, 15]}, "8;16": {"type": "grass", "variant": 8, "pos": [8, 16]}, "8;17": {"type": "grass", "variant": 8, "pos": [8, 17]}, "8;18": {"type": "grass", "variant": 8, "pos": [8, 18]}, "8;19": {"type": "grass", "variant": 8, "pos": [8, 19]}, "8;20": {"type": "grass", "variant": 8, "pos": [8, 20]}, "8;21": {"type": "grass", "variant": 8, "pos": [8, 21]}, "8;22": {"type": "grass", "variant": 8, "pos": [8, 22]}, "8;23": {"type": "grass", "variant": 8, "pos": [8, 23]}, "8;24": {"type": "grass", "variant": 5, "pos": [8, 24]}, "9;15": {"type": "grass", "variant": 1, "pos": [9, 15]}, "9;16": {"type": "grass", "variant": 8, "pos": [9, 16]}, "9;17": {"type": "grass", "variant": 8, "pos": [9, 17]}, "9;18": {"type": "grass", "variant": 8, "pos": [9, 18]}, "9;19": {"type": "grass", "variant": 8, "pos": [9, 19]}, "9;20": {"type": "grass", "variant": 8, "pos": [9, 20]}, "9;21": {"type": "grass", "variant": 8, "pos": [9, 21]}, "9;22": {"type": "grass", "variant": 8, "pos": [9, 22]}, "9;23": {"type": "grass", "variant": 8, "pos": [9, 23]}, "9;24": {"type": "grass", "variant": 5, "pos": [9, 24]}, "10;15": {"type": "grass", "variant": 1, "pos": [10, 15]}, "10;16": {"type": "grass", "variant": 8, "pos": [10, 16]}, "10;17": {"type": "grass", "variant": 8, "pos": [10, 17]}, "10;18": {"type": "grass", "variant": 8, "pos": [10, 18]}, "10;19": {"type": "grass", "variant": 8, "pos": [10, 19]}, "10;20": {"type": "grass", "variant": 8, "pos": [10, 20]}, "10;21": {"type": "grass", "variant": 8, "pos": [10, 21]}, "10;22": {"type": "grass", "variant": 8, "pos": [10, 22]}, "10;23": {"type": "grass", "variant": 8, "pos": [10, 23]}, "10;24": {"type": "grass", "variant": 4, "pos": [10, 24]}, "11;14": {"type": "grass", "variant": 0, "pos": [11, 14]}, "11;15": {"type": "grass", "variant": 8, "pos": [11, 15]}, "11;16": {"type": "grass", "variant": 8, "pos": [11, 16]}, "11;17": {"type": "grass", "variant": 8, "pos": [11, 17]}, "11;18": {"type": "grass", "variant": 8, "pos": [11, 18]}, "11;19": {"type": "grass", "variant": 8, "pos": [11, 19]}, "11;20": {"type": "grass", "variant": 8, "pos": [11, 20]}, "11;21": {"type": "grass", "variant": 8, "pos": [11, 21]}, "11;22": {"type": "grass", "variant": 8, "pos": [11, 22]}, "11;23": {"type": "grass", "variant": 5, "pos": [11, 23]}, "12;14": {"type": "grass", "variant": 1, "pos": [12, 14]}, "12;15": {"type": "grass", "variant": 8, "pos": [12, 15]}, "12;16": {"type": "grass", "variant": 8, "pos": [12, 16]}, "12;17": {"type": "grass", "variant": 8, "pos": [12, 17]}, "12;18": {"type": "grass", "variant": 8, "pos": [12, 18]}, "12;19": {"type": "grass", "variant": 8, "pos": [12, 19]}, "12;20": {"type": "grass", "variant": 8, "pos": [12, 20]}, "12;21": {"type": "grass", "variant": 8, "pos": [12, 21]}, "12;22": {"type": "grass", "variant": 8, "pos": [12, 22]}, "12;23": {"type": "grass", "variant": 5, "pos": [12, 23]}, "13;14": {"type": "grass", "variant": 1, "pos": [13, 14]}, "13;15": {"type": "grass", "variant": 8, "pos": [13, 15]}, "13;16": {"type": "grass", "variant": 8, "pos": [13, 16]}, "13;17": {"type": "grass", "variant": 8, "pos": [13, 17]}, "13;18": {"type": "grass", "variant": 8, "pos": [13, 18]}, "13;19": {"type": "grass", "variant": 8, "pos": [13, 19]}, "13;20": {"type": "grass", "variant": 8, "pos": [13, 20]}, "13;21": {"type": "grass", "variant": 8, "pos": [13, 21]}, "13;22": {"type": "grass", "variant": 8, "pos": [13, 22]}, "13;23": {"type": "grass", "variant": 5, "pos": [13, 23]}, "14;14": {"type": "grass", "variant": 1, "pos": [14, 14]}, "14;15": {"type": "grass", "variant": 8, "pos": [14, 15]}, "14;16": {"type": "grass", "variant": 8, "pos": [14, 16]}, "14;17": {"type": "grass", "variant": 8, "pos": [14, 17]}, "14;18": {"type": "grass", "variant": 8, "pos": [14, 18]}, "14;19": {"type": "grass", "variant": 8, "pos": [14, 19]}, "14;20": {"type": "grass", "variant": 8, "pos": [14, 20]}, "14;21": {"type": "grass", "variant": 8, "pos": [14, 21]}, "14;22": {"type": "grass", "variant": 8, "pos": [14, 22]}, "14;23": {"type": "grass", "variant": 5, "pos": [14, 23]}, "15;14": {"type": "grass", "variant": 1, "pos": [15, 14]}, "15;15": {"type": "grass", "variant": 8, "pos": [15, 15]}, "15;16": {"type": "grass", "variant": 8, "pos": [15, 16]}, "15;17": {"type": "grass", "variant": 8, "pos": [15, 17]}, "15;18": {"type": "grass", "variant": 8, "pos": [15, 18]}, "15;19": {"type": "grass", "variant": 8, "pos": [15, 19]}, "15;20": {"type": "grass", "variant": 8, "pos": [15, 20]}, "15;21": {"type": "grass", "variant": 8, "pos": [15, 21]}, "15;22": {"type": "grass", "variant": 8, "pos": [15, 22]}, "15;23": {"type": "grass", "variant": 5, "pos": [15, 23]}, "16;14": {"type": "grass", "variant": 2, "pos": [16, 14]}, "16;15": {"type": "grass", "variant": 3, "pos": [16, 15]}, "16;16": {"type": "grass", "variant": 3, "pos": [16, 16]}, "16;17": {"type": "grass", "variant": 3, "pos": [16, 17]}, "16;18": {"type": "grass", "variant": 3, "pos": [16, 18]}, "16;19": {"type": "grass", "variant": 3, "pos": [16, 19]}, "16;20": {"type": "grass", "variant": 3, "pos": [16, 20]}, "16;21": {"type": "grass", "variant": 3, "pos": [16, 21]}, "16;22": {"type": "grass", "variant": 3, "pos": [16, 22]}, "16;23": {"type": "grass", "variant": 4, "pos": [16, 23]}, "20;14": {"type": "grass", "variant": 0, "pos": [20, 14]}, "20;15": {"type": "grass", "variant": 7, "pos": [20, 15]}, "20;16": {"type": "grass", "variant": 7, "pos": [20, 16]}, "20;17": {"type": "grass", "variant": 7, "pos": [20, 17]}, "20;18": {"type": "grass", "variant": 7, "pos": [20, 18]}, "20;19": {"type": "grass", "variant": 7, "pos": [20, 19]}, "20;20": {"type": "grass", "variant": 7, "pos": [20, 20]}, "20;21": {"type": "grass", "variant": 7, "pos": [20, 21]}, "20;22": {"type": "grass", "variant": 7, "pos": [20, 22]}, "20;23": {"type": "grass", "variant": 6, "pos": [20, 23]}, "21;14": {"type": "grass", "variant": 1, "pos": [21, 14]}, "21;15": {"type": "grass", "variant": 8, "pos": [21, 15]}, "21;16": {"type": "grass", "variant": 8, "pos": [21, 16]}, "21;17": {"type": "grass", "variant": 8, "pos": [21, 17]}, "21;18": {"type": "grass", "variant": 8, "pos": [21, 18]}, "21;19": {"type": "grass", "variant": 8, "pos": [21, 19]}, "21;20": {"type": "grass", "variant": 8, "pos": [21, 20]}, "21;21": {"type": "grass", "variant": 8, "pos": [21, 21]}, "21;22": {"type": "grass", "variant": 8, "pos": [21, 22]}, "21;23": {"type": "grass", "variant": 5, "pos": [21, 23]}, "22;14": {"type": "grass", "variant": 1, "pos": [22, 14]}, "22;15": {"type": "grass", "variant": 8, "pos": [22, 15]}, "22;16": {"type": "grass", "variant": 8, "pos": [22, 16]}, "22;17": {"type": "grass", "variant": 8, "pos": [22, 17]}, "22;18": {"type": "grass", "variant": 8, "pos": [22, 18]}, "22;19": {"type": "grass", "variant": 8, "pos": [22, 19]}, "22;20": {"type": "grass", "variant": 8, "pos": [22, 20]}, "22;21": {"type": "grass", "variant": 8, "pos": [22, 21]}, "22;22": {"type": "grass", "variant": 8, "pos": [22, 22]}, "22;23": {"type": "grass", "variant": 5, "pos": [22, 23]}, "23;14": {"type": "grass", "variant": 1, "pos": [23, 14]}, "23;15": {"type": "grass", "variant": 8, "pos": [23, 15]}, "23;16": {"type": "grass", "variant": 8, "pos": [23, 16]}, "23;17": {"type": "grass", "variant": 8, "pos": [23, 17]}, "23;18": {"type": "grass", "variant": 8, "pos": [23, 18]}, "23;19": {"type": "grass", "variant": 8, "pos": [23, 19]}, "23;20": {"type": "grass", "variant": 8, "pos": [23, 20]}, "23;21": {"type": "grass", "variant": 8, "pos": [23, 21]}, "23;22": {"type": "grass", "variant": 8, "pos": [23, 22]}, "23;23": {"type": "grass", "variant": 5, "pos": [23, 23]}, "24;14": {"type": "grass", "variant": 1, "pos": [24, 14]}, "24;15": {"type": "grass", "variant": 8, "pos": [24, 15]}, "24;16": {"type": "grass", "variant": 8, "pos": [24, 16]}, "24;17": {"type": "grass", "variant": 8, "pos": [24, 17]}, "24;18": {"type": "grass", "variant": 8, "pos": [24, 18]}, "24;19": {"type": "grass", "variant": 8, "pos": [24, 19]}, "24;20": {"type": "grass", "variant": 8, "pos": [24, 20]}, "24;21": {"type": "grass", "variant": 8, "pos": [24, 21]}, "24;22": {"type": "grass", "variant": 8, "pos": [24, 22]}, "24;23": {"type": "grass", "variant": 5, "pos": [24, 23]}, "25;14": {"type": "grass", "variant": 1, "pos": [25, 14]}, "25;15": {"type": "grass", "variant": 8, "pos": [25, 15]}, "25;16": {"type": "grass", "variant": 8, "pos": [25, 16]}, "25;17": {"type": "grass", "variant": 8, "pos": [25, 17]}, "25;18": {"type": "grass", "variant": 8, "pos": [25, 18]}, "25;19": {"type": "grass", "variant": 8, "pos": [25, 19]}, "25;20": {"type": "grass", "variant": 8, "pos": [25, 20]}, "25;21": {"type": "grass", "variant": 8, "pos": [25, 21]}, "25;22": {"type": "grass", "variant": 8, "pos": [25, 22]}, "25;23": {"type": "grass", "variant": 5, "pos": [25, 23]}, "26;14": {"type": "grass", "variant": 1, "pos": [26, 14]}, "26;15": {"type": "grass", "variant": 8, "pos": [26, 15]}, "26;16": {"type": "grass", "variant": 8, "pos": [26, 16]}, "26;17": {"type": "grass", "variant": 8, "pos": [26, 17]}, "26;18": {"type": "grass", "variant": 8, "pos": [26, 18]}, "26;19": {"type": "grass", "variant": 8, "pos": [26, 19]}, "26;20": {"type": "grass", "variant": 8, "pos": [26, 20]}, "26;21": {"type": "grass", "variant": 8, "pos": [26, 21]}, "26;22": {"type": "grass", "variant": 8, "pos": [26, 22]}, "26;23": {"type": "grass", "variant": 5, "pos": [26, 23]}, "27;14": {"type": "grass", "variant": 1, "pos": [27, 14]}, "27;15": {"type": "grass", "variant": 8, "pos": [27, 15]}, "27;16": {"type": "grass", "variant": 8, "pos": [27, 16]}, "27;17": {"type": "grass", "variant": 8, "pos": [27, 17]}, "27;18": {"type": "grass", "variant": 8, "pos": [27, 18]}, "27;19": {"type": "grass", "variant": 8, "pos": [27, 19]}, "27;20": {"type": "grass", "variant": 8, "pos": [27, 20]}, "27;21": {"type": "grass", "variant": 8, "pos": [27, 21]}, "27;22": {"type": "grass", "variant": 8, "pos": [27, 22]}, "27;23": {"type": "grass", "variant": 5, "pos": [27, 23]}, "28;14": {"type": "grass", "variant": 1, "pos": [28, 14]}, "28;15": {"type": "grass", "variant": 8, "pos": [28, 15]}, "28;16": {"type": "grass", "variant": 8, "pos": [28, 16]}, "28;17": {"type": "grass", "variant": 8, "pos": [28, 17]}, "28;18": {"type": "grass", "variant": 8, "pos": [28, 18]}, "28;19": {"type": "grass", "variant": 8, "pos": [28, 19]}, "28;20": {"type": "grass", "variant": 8, "pos": [28, 20]}, "28;21": {"type": "grass", "variant": 8, "pos": [28, 21]}, "28;22": {"type": "grass", "variant": 8, "pos": [28, 22]}, "28;23": {"type": "grass", "variant": 5, "pos": [28, 23]}, "29;14": {"type": "grass", "variant": 1, "pos": [29, 14]}, "29;15": {"type": "grass", "variant": 8, "pos": [29, 15]}, "29;16": {"type": "grass", "variant": 8, "pos": [29, 16]}, "29;17": {"type": "grass", "variant": 8, "pos": [29, 17]}, "29;18": {"type": "grass", "variant": 8, "pos": [29, 18]}, "29;19": {"type": "grass", "variant": 8, "pos": [29, 19]}, "29;20": {"type": "grass", "variant": 8, "pos": [29, 20]}, "29;21": {"type": "grass", "variant": 8, "pos": [29, 21]}, "29;22": {"type": "grass", "variant": 8, "pos": [29, 22]}, "29;23": {"type": "grass", "variant": 5, "pos": [29, 23]}, "30;14": {"type": "grass", "variant": 1, "pos": [30, 14]}, "30;15": {"type": "grass", "variant": 8, "pos": [30, 15]}, "30;16": {"type": "grass", "variant": 8, "pos": [30, 16]}, "30;17": {"type": "grass", "variant": 8, "pos": [30, 17]}, "30;18": {"type": "grass", "variant": 8, "pos": [30, 18]}, "30;19": {"type": "grass", "variant": 8, "pos": [30, 19]}, "30;20": {"type": "grass", "variant": 8, "pos": [30, 20]}, "30;21": {"type": "grass", "variant": 8, "pos": [30, 21]}, "30;22": {"type": "grass", "variant": 8, "pos": [30, 22]}, "30;23": {"type": "grass", "variant": 4, "pos": [30, 23]}, "31;13": {"type": "grass", "variant": 0, "pos": [31, 13]}, "31;14": {"type": "grass", "variant": 8, "pos": [31, 14]}, "31;15": {"type": "grass", "variant": 8, "pos": [31, 15]}, "31;16": {"type": "grass", "variant": 8, "pos": [31, 16]}, "31;17": {"type": "grass", "variant": 8, "pos": [31, 17]}, "31;18": {"type": "grass", "variant": 8, "pos": [31, 18]}, "31;19": {"type": "grass", "variant": 8, "pos": [31, 19]}, "31;20": {"type": "grass", "variant": 8, "pos": [31, 20]}, "31;21": {"type": "grass", "variant": 8, "pos": [31, 21]}, "31;22": {"type": "grass", "variant": 4, "pos": [31, 22]}, "32;12": {"type": "grass", "variant": 0, "pos": [32, 12]}, "32;13": {"type": "grass", "variant": 8, "pos": [32, 13]}, "32;14": {"type": "grass", "variant": 8, "pos": [32, 14]}, "32;15": {"type": "grass", "variant": 8, "pos": [32, 15]}, "32;16": {"type": "grass", "variant": 8, "pos": [32, 16]}, "32;17": {"type": "grass", "variant": 8, "pos": [32, 17]}, "32;18": {"type": "grass", "variant": 8, "pos": [32, 18]}, "32;19": {"type": "grass", "variant": 8, "pos": [32, 19]}, "32;20": {"type": "grass", "variant": 8, "pos": [32, 20]}, "32;21": {"type": "grass", "variant": 4, "pos": [32, 21]}, "33;11": {"type": "grass", "variant": 0, "pos": [33, 11]}, "33;12": {"type": "grass", "variant": 8, "pos": [33, 12]}, "33;13": {"type": "grass", "variant": 8, "pos": [33, 13]}, "33;14": {"type": "grass", "variant": 8, "pos": [33, 14]}, "33;15": {"type": "grass", "variant": 8, "pos": [33, 15]}, "33;16": {"type": "grass", "variant": 8, "pos": [33, 16]}, "33;17": {"type": "grass", "variant": 8, "pos": [33, 17]}, "33;18": {"type": "grass", "variant": 8, "pos": [33, 18]}, "33;19": {"type": "grass", "variant": 8, "pos": [33, 19]}, "33;20": {"type": "grass", "variant": 4, "pos": [33, 20]}, "34;10": {"type": "grass", "variant": 0, "pos": [34, 10]}, "34;11": {"type": "grass", "variant": 8, "pos": [34, 11]}, "34;12": {"type": "grass", "variant": 8, "pos": [34, 12]}, "34;13": {"type": "grass", "variant": 8, "pos": [34, 13]}, "34;14": {"type": "grass", "variant": 8, "pos": [34, 14]}, "34;15": {"type": "grass", "variant": 8, "pos": [34, 15]}, "34;16": {"type": "grass", "variant": 8, "pos": [34, 16]}, "34;17": {"type": "grass", "variant": 8, "pos": [34, 17]}, "34;18": {"type": "grass", "variant": 8, "pos": [34, 18]}, "34;19": {"type": "grass", "variant": 5, "pos": [34, 19]}, "35;10": {"type": "grass", "variant": 1, "pos": [35, 10]}, "35;11": {"type": "grass", "variant": 8, "pos": [35, 11]}, "35;12": {"type": "grass", "variant": 8, "pos": [35, 12]}, "35;13": {"type": "grass", "variant": 8, "pos": [35, 13]}, "35;14": {"type": "grass", "variant": 8, "pos": [35, 14]}, "35;15": {"type": "grass", "variant": 8, "pos": [35, 15]}, "35;16": {"type": "grass", "variant": 8, "pos": [35, 16]}, "35;17": {"type": "grass", "variant": 8, "pos": [35, 17]}, "35;18": {"type": "grass", "variant": 8, "pos": [35, 18]}, "35;19": {"type": "grass", "variant": 5, "pos": [35, 19]}, "36;10": {"type": "grass", "variant": 1, "pos": [36, 10]}, "36;11": {"type": "grass", "variant": 8, "pos": [36, 11]}, "36;12": {"type": "grass", "variant": 8, "pos": [36, 12]}, "36;13": {"type": "grass", "variant": 8, "pos": [36, 13]}, "36;14": {"type": "grass", "variant": 8, "pos": [36, 14]}, "36;15": {"type": "grass", "variant": 8, "pos": [36, 15]}, "36;16": {"type": "grass", "variant": 8, "pos": [36, 16]}, "36;17": {"type": "grass", "variant": 8, "pos": [36, 17]}, "36;18": {"type": "grass", "variant": 8, "pos": [36, 18]}, "36;19": {"type": "grass", "variant": 5, "pos": [36, 19]}, "37;10": {"type": "grass", "variant": 1, "pos": [37, 10]}, "37;11": {"type": "grass", "variant": 8, "pos": [37, 11]}, "37;12": {"type": "grass", "variant": 8, "pos": [37, 12]}, "37;13": {"type": "grass", "variant": 8, "pos": [37, 13]}, "37;14": {"type": "grass", "variant": 8, "pos": [37, 14]}, "37;15": {"type": "grass", "variant": 8, "pos": [37, 15]}, "37;16": {"type": "grass", "variant": 8, "pos": [37, 16]}, "37;17": {"type": "grass", "variant": 8, "pos": [37, 17]}, "37;18": {"type": "grass", "variant": 8, "pos": [37, 18]}, "37;19": {"type": "grass", "variant": 5, "pos": [37, 19]}, "38;10": {"type": "grass", "variant": 1, "pos": [38, 10]}, "38;11": {"type": "grass", "variant": 8, "pos": [38, 11]}, "38;12": {"type": "grass", "variant": 8, "pos": [38, 12]}, "38;13": {"type": "grass", "variant": 8, "pos": [38, 13]}, "38;14": {"type": "grass", "variant": 8, "pos": [38, 14]}, "38;15": {"type": "grass", "variant": 8, "pos": [38, 15]}, "38;16": {"type": "grass", "variant": 8, "pos": [38, 16]}, "38;17": {"type": "grass", "variant": 8, "pos": [38, 17]}, "38;18": {"type": "grass", "variant": 8, "pos": [38, 18]}, "38;19": {"type": "grass", "variant": 8, "pos": [38, 19]}, "38;20": {"type": "grass", "variant": 6, "pos": [38, 20]}, "39;11": {"type": "grass", "variant": 8, "pos": [39, 11]}, "39;12": {"type": "grass", "variant": 8, "pos": [39, 12]}, "39;13": {"type": "grass", "variant": 8, "pos": [39, 13]}, "39;14": {"type": "grass", "variant": 8, "pos": [39, 14]}, "39;15": {"type": "grass", "variant": 8, "pos": [39, 15]}, "39;16": {"type": "grass", "variant": 8, "pos": [39, 16]}, "39;17": {"type": "grass", "variant": 8, "pos": [39, 17]}, "39;18": {"type": "grass", "variant": 8, "pos": [39, 18]}, "39;19": {"type": "grass", "variant": 8, "pos": [39, 19]}, "39;20": {"type": "grass", "variant": 5, "pos": [39, 20]}, "40;11": {"type": "grass", "variant": 8, "pos": [40, 11]}, "40;12": {"type": "grass", "variant": 8, "pos": [40, 12]}, "40;13": {"type": "grass", "variant": 8, "pos": [40, 13]}, "40;14": {"type": "grass", "variant": 8, "pos": [40, 14]}, "40;15": {"type": "grass", "variant": 8, "pos": [40, 15]}, "40;16": {"type": "grass", "variant": 8, "pos": [40, 16]}, "40;17": {"type": "grass", "variant": 8, "pos": [40, 17]}, "40;18": {"type": "grass", "variant": 8, "pos": [40, 18]}, "40;19": {"type": "grass", "variant": 8, "pos": [40, 19]}, "40;20": {"type": "grass", "variant": 4, "pos": [40, 20]}, "40;10": {"type": "grass", "variant": 1, "pos": [40, 10]}, "39;10": {"type": "grass", "variant": 1, "pos": [39, 10]}, "41;10": {"type": "grass", "variant": 1, "pos": [41, 10]}, "41;11": {"type": "grass", "variant": 8, "pos": [41, 11]}, "41;12": {"type": "grass", "variant": 8, "pos": [41, 12]}, "41;13": {"type": "grass", "variant": 8, "pos": [41, 13]}, "41;14": {"type": "grass", "variant": 8, "pos": [41, 14]}, "41;15": {"type": "grass", "variant": 8, "pos": [41, 15]}, "41;16": {"type": "grass", "variant": 8, "pos": [41, 16]}, "41;17": {"type": "grass", "variant": 8, "pos": [41, 17]}, "41;18": {"type": "grass", "variant": 8, "pos": [41, 18]}, "41;19": {"type": "grass", "variant": 5, "pos": [41, 19]}, "42;10": {"type": "grass", "variant": 1, "pos": [42, 10]}, "42;11": {"type": "grass", "variant": 8, "pos": [42, 11]}, "42;12": {"type": "grass", "variant": 8, "pos": [42, 12]}, "42;13": {"type": "grass", "variant": 8, "pos": [42, 13]}, "42;14": {"type": "grass", "variant": 8, "pos": [42, 14]}, "42;15": {"type": "grass", "variant": 8, "pos": [42, 15]}, "42;16": {"type": "grass", "variant": 8, "pos": [42, 16]}, "42;17": {"type": "grass", "variant": 8, "pos": [42, 17]}, "42;18": {"type": "grass", "variant": 8, "pos": [42, 18]}, "42;19": {"type": "grass", "variant": 5, "pos": [42, 19]}, "43;10": {"type": "grass", "variant": 1, "pos": [43, 10]}, "43;11": {"type": "grass", "variant": 8, "pos": [43, 11]}, "43;12": {"type": "grass", "variant": 8, "pos": [43, 12]}, "43;13": {"type": "grass", "variant": 8, "pos": [43, 13]}, "43;14": {"type": "grass", "variant": 8, "pos": [43, 14]}, "43;15": {"type": "grass", "variant": 8, "pos": [43, 15]}, "43;16": {"type": "grass", "variant": 8, "pos": [43, 16]}, "43;17": {"type": "grass", "variant": 8, "pos": [43, 17]}, "43;18": {"type": "grass", "variant": 8, "pos": [43, 18]}, "43;19": {"type": "grass", "variant": 5, "pos": [43, 19]}, "44;10": {"type": "grass", "variant": 1, "pos": [44, 10]}, "44;11": {"type": "grass", "variant": 8, "pos": [44, 11]}, "44;12": {"type": "grass", "variant": 8, "pos": [44, 12]}, "44;13": {"type": "grass", "variant": 8, "pos": [44, 13]}, "44;14": {"type": "grass", "variant": 8, "pos": [44, 14]}, "44;15": {"type": "grass", "variant": 8, "pos": [44, 15]}, "44;16": {"type": "grass", "variant": 8, "pos": [44, 16]}, "44;17": {"type": "grass", "variant": 8, "pos": [44, 17]}, "44;18": {"type": "grass", "variant": 8, "pos": [44, 18]}, "44;19": {"type": "grass", "variant": 5, "pos": [44, 19]}, "45;10": {"type": "grass", "variant": 2, "pos": [45, 10]}, "45;11": {"type": "grass", "variant": 8, "pos": [45, 11]}, "45;12": {"type": "grass", "variant": 8, "pos": [45, 12]}, "45;13": {"type": "grass", "variant": 8, "pos": [45, 13]}, "45;14": {"type": "grass", "variant": 8, "pos": [45, 14]}, "45;15": {"type": "grass", "variant": 8, "pos": [45, 15]}, "45;16": {"type": "grass", "variant": 8, "pos": [45, 16]}, "45;17": {"type": "grass", "variant": 8, "pos": [45, 17]}, "45;18": {"type": "grass", "variant": 8, "pos": [45, 18]}, "45;19": {"type": "grass", "variant": 5, "pos": [45, 19]}, "46;11": {"type": "grass", "variant": 2, "pos": [46, 11]}, "46;12": {"type": "grass", "variant": 8, "pos": [46, 12]}, "46;13": {"type": "grass", "variant": 8, "pos": [46, 13]}, "46;14": {"type": "grass", "variant": 8, "pos": [46, 14]}, "46;15": {"type": "grass", "variant": 8, "pos": [46, 15]}, "46;16": {"type": "grass", "variant": 8, "pos": [46, 16]}, "46;17": {"type": "grass", "variant": 8, "pos": [46, 17]}, "46;18": {"type": "grass", "variant": 8, "pos": [46, 18]}, "46;19": {"type": "grass", "variant": 8, "pos": [46, 19]}, "46;20": {"type": "grass", "variant": 6, "pos": [46, 20]}, "47;12": {"type": "grass", "variant": 2, "pos": [47, 12]}, "47;13": {"type": "grass", "variant": 8, "pos": [47, 13]}, "47;14": {"type": "grass", "variant": 8, "pos": [47, 14]}, "47;15": {"type": "grass", "variant": 8, "pos": [47, 15]}, "47;16": {"type": "grass", "variant": 8, "pos": [47, 16]}, "47;17": {"type": "grass", "variant": 8, "pos": [47, 17]}, "47;18": {"type": "grass", "variant": 8, "pos": [47, 18]}, "47;19": {"type": "grass", "variant": 8, "pos": [47, 19]}, "47;20": {"type": "grass", "variant": 8, "pos": [47, 20]}, "47;21": {"type": "grass", "variant": 6, "pos": [47, 21]}, "48;13": {"type": "grass", "variant": 2, "pos": [48, 13]}, "48;14": {"type": "grass", "variant": 8, "pos": [48, 14]}, "48;15": {"type": "grass", "variant": 8, "pos": [48, 15]}, "48;16": {"type": "grass", "variant": 8, "pos": [48, 16]}, "48;17": {"type": "grass", "variant": 8, "pos": [48, 17]}, "48;18": {"type": "grass", "variant": 8, "pos": [48, 18]}, "48;19": {"type": "grass", "variant": 8, "pos": [48, 19]}, "48;20": {"type": "grass", "variant": 8, "pos": [48, 20]}, "48;21": {"type": "grass", "variant": 8, "pos": [48, 21]}, "48;22": {"type": "grass", "variant": 6, "pos": [48, 22]}, "49;14": {"type": "grass", "variant": 1, "pos": [49, 14]}, "49;15": {"type": "grass", "variant": 8, "pos": [49, 15]}, "49;16": {"type": "grass", "variant": 8, "pos": [49, 16]}, "49;17": {"type": "grass", "variant": 8, "pos": [49, 17]}, "49;18": {"type": "grass", "variant": 8, "pos": [49, 18]}, "49;19": {"type": "grass", "variant": 8, "pos": [49, 19]}, "49;20": {"type": "grass", "variant": 8, "pos": [49, 20]}, "49;21": {"type": "grass", "variant": 8, "pos": [49, 21]}, "49;22": {"type": "grass", "variant": 8, "pos": [49, 22]}, "49;23": {"type": "grass", "variant": 7, "pos": [49, 23]}, "49;24": {"type": "grass", "variant": 6, "pos": [49, 24]}, "50;15": {"type": "grass", "variant": 8, "pos": [50, 15]}, "50;16": {"type": "grass", "variant": 8, "pos": [50, 16]}, "50;17": {"type": "grass", "variant": 8, "pos": [50, 17]}, "50;18": {"type": "grass", "variant": 8, "pos": [50, 18]}, "50;19": {"type": "grass", "variant": 8, "pos": [50, 19]}, "50;20": {"type": "grass", "variant": 8, "pos": [50, 20]}, "50;21": {"type": "grass", "variant": 8, "pos": [50, 21]}, "50;22": {"type": "grass", "variant": 8, "pos": [50, 22]}, "50;23": {"type": "grass", "variant": 8, "pos": [50, 23]}, "50;24": {"type": "grass", "variant": 5, "pos": [50, 24]}, "51;15": {"type": "grass", "variant": 8, "pos": [51, 15]}, "51;16": {"type": "grass", "variant": 8, "pos": [51, 16]}, "51;17": {"type": "grass", "variant": 8, "pos": [51, 17]}, "51;18": {"type": "grass", "variant": 8, "pos": [51, 18]}, "51;19": {"type": "grass", "variant": 8, "pos": [51, 19]}, "51;20": {"type": "grass", "variant": 8, "pos": [51, 20]}, "51;21": {"type": "grass", "variant": 8, "pos": [51, 21]}, "51;22": {"type": "grass", "variant": 8, "pos": [51, 22]}, "51;23": {"type": "grass", "variant": 8, "pos": [51, 23]}, "51;24": {"type": "grass", "variant": 4, "pos": [51, 24]}, "51;14": {"type": "grass", "variant": 1, "pos": [51, 14]}, "52;14": {"type": "grass", "variant": 1, "pos": [52, 14]}, "52;15": {"type": "grass", "variant": 8, "pos": [52, 15]}, "52;16": {"type": "grass", "variant": 8, "pos": [52, 16]}, "52;17": {"type": "grass", "variant": 8, "pos": [52, 17]}, "52;18": {"type": "grass", "variant": 8, "pos": [52, 18]}, "52;19": {"type": "grass", "variant": 8, "pos": [52, 19]}, "52;20": {"type": "grass", "variant": 8, "pos": [52, 20]}, "52;21": {"type": "grass", "variant": 8, "pos": [52, 21]}, "52;22": {"type": "grass", "variant": 8, "pos": [52, 22]}, "52;23": {"type": "grass", "variant": 5, "pos": [52, 23]}, "50;14": {"type": "grass", "variant": 1, "pos": [50, 14]}, "53;14": {"type": "grass", "variant": 1, "pos": [53, 14]}, "53;15": {"type": "grass", "variant": 8, "pos": [53, 15]}, "53;16": {"type": "grass", "variant": 8, "pos": [53, 16]}, "53;17": {"type": "grass", "variant": 8, "pos": [53, 17]}, "53;18": {"type": "grass", "variant": 8, "pos": [53, 18]}, "53;19": {"type": "grass", "variant": 8, "pos": [53, 19]}, "53;20": {"type": "grass", "variant": 8, "pos": [53, 20]}, "53;21": {"type": "grass", "variant": 8, "pos": [53, 21]}, "53;22": {"type": "grass", "variant": 8, "pos": [53, 22]}, "53;23": {"type": "grass", "variant": 5, "pos": [53, 23]}, "54;14": {"type": "grass", "variant": 1, "pos": [54, 14]}, "54;15": {"type": "grass", "variant": 8, "pos": [54, 15]}, "54;16": {"type": "grass", "variant": 8, "pos": [54, 16]}, "54;17": {"type": "grass", "variant": 8, "pos": [54, 17]}, "54;18": {"type": "grass", "variant": 8, "pos": [54, 18]}, "54;19": {"type": "grass", "variant": 8, "pos": [54, 19]}, "54;20": {"type": "grass", "variant": 8, "pos": [54, 20]}, "54;21": {"type": "grass", "variant": 8, "pos": [54, 21]}, "54;22": {"type": "grass", "variant": 8, "pos": [54, 22]}, "54;23": {"type": "grass", "variant": 5, "pos": [54, 23]}, "55;14": {"type": "grass", "variant": 1, "pos": [55, 14]}, "55;15": {"type": "grass", "variant": 8, "pos": [55, 15]}, "55;16": {"type": "grass", "variant": 8, "pos": [55, 16]}, "55;17": {"type": "grass", "variant": 8, "pos": [55, 17]}, "55;18": {"type": "grass", "variant": 8, "pos": [55, 18]}, "55;19": {"type": "grass", "variant": 8, "pos": [55, 19]}, "55;20": {"type": "grass", "variant": 8, "pos": [55, 20]}, "55;21": {"type": "grass", "variant": 8, "pos": [55, 21]}, "55;22": {"type": "grass", "variant": 8, "pos": [55, 22]}, "55;23": {"type": "grass", "variant": 5, "pos": [55, 23]}, "56;14": {"type": "grass", "variant": 1, "pos": [56, 14]}, "56;15": {"type": "grass", "variant": 8, "pos": [56, 15]}, "56;16": {"type": "grass", "variant": 8, "pos": [56, 16]}, "56;17": {"type": "grass", "variant": 8, "pos": [56, 17]}, "56;18": {"type": "grass", "variant": 8, "pos": [56, 18]}, "56;19": {"type": "grass", "variant": 8, "pos": [56, 19]}, "56;20": {"type": "grass", "variant": 8, "pos": [56, 20]}, "56;21": {"type": "grass", "variant": 8, "pos": [56, 21]}, "56;22": {"type": "grass", "variant": 8, "pos": [56, 22]}, "56;23": {"type": "grass", "variant": 5, "pos": [56, 23]}, "57;14": {"type": "grass", "variant": 1, "pos": [57, 14]}, "57;15": {"type": "grass", "variant": 8, "pos": [57, 15]}, "57;16": {"type": "grass", "variant": 8, "pos": [57, 16]}, "57;17": {"type": "grass", "variant": 8, "pos": [57, 17]}, "57;18": {"type": "grass", "variant": 8, "pos": [57, 18]}, "57;19": {"type": "grass", "variant": 8, "pos": [57, 19]}, "57;20": {"type": "grass", "variant": 8, "pos": [57, 20]}, "57;21": {"type": "grass", "variant": 8, "pos": [57, 21]}, "57;22": {"type": "grass", "variant": 8, "pos": [57, 22]}, "57;23": {"type": "grass", "variant": 5, "pos": [57, 23]}, "58;14": {"type": "grass", "variant": 1, "pos": [58, 14]}, "58;15": {"type": "grass", "variant": 8, "pos": [58, 15]}, "58;16": {"type": "grass", "variant": 8, "pos": [58, 16]}, "58;17": {"type": "grass", "variant": 8, "pos": [58, 17]}, "58;18": {"type": "grass", "variant": 8, "pos": [58, 18]}, "58;19": {"type": "grass", "variant": 8, "pos": [58, 19]}, "58;20": {"type": "grass", "variant": 8, "pos": [58, 20]}, "58;21": {"type": "grass", "variant": 8, "pos": [58, 21]}, "58;22": {"type": "grass", "variant": 8, "pos": [58, 22]}, "58;23": {"type": "grass", "variant": 5, "pos": [58, 23]}, "59;15": {"type": "grass", "variant": 8, "pos": [59, 15]}, "59;16": {"type": "grass", "variant": 8, "pos": [59, 16]}, "59;17": {"type": "grass", "variant": 8, "pos": [59, 17]}, "59;18": {"type": "grass", "variant": 8, "pos": [59, 18]}, "59;19": {"type": "grass", "variant": 8, "pos": [59, 19]}, "59;20": {"type": "grass", "variant": 8, "pos": [59, 20]}, "59;21": {"type": "grass", "variant": 8, "pos": [59, 21]}, "59;22": {"type": "grass", "variant": 8, "pos": [59, 22]}, "59;23": {"type": "grass", "variant": 5, "pos": [59, 23]}, "60;14": {"type": "grass", "variant": 2, "pos": [60, 14]}, "60;15": {"type": "grass", "variant": 8, "pos": [60, 15]}, "60;16": {"type": "grass", "variant": 8, "pos": [60, 16]}, "60;17": {"type": "grass", "variant": 8, "pos": [60, 17]}, "60;18": {"type": "grass", "variant": 8, "pos": [60, 18]}, "60;19": {"type": "grass", "variant": 8, "pos": [60, 19]}, "60;20": {"type": "grass", "variant": 8, "pos": [60, 20]}, "60;21": {"type": "grass", "variant": 8, "pos": [60, 21]}, "60;22": {"type": "grass", "variant": 8, "pos": [60, 22]}, "60;23": {"type": "grass", "variant": 8, "pos": [60, 23]}, "60;24": {"type": "grass", "variant": 6, "pos": [60, 24]}, "61;15": {"type": "grass", "variant": 1, "pos": [61, 15]}, "61;16": {"type": "grass", "variant": 8, "pos": [61, 16]}, "61;17": {"type": "grass", "variant": 8, "pos": [61, 17]}, "61;18": {"type": "grass", "variant": 8, "pos": [61, 18]}, "61;19": {"type": "grass", "variant": 8, "pos": [61, 19]}, "61;20": {"type": "grass", "variant": 8, "pos": [61, 20]}, "61;21": {"type": "grass", "variant": 8, "pos": [61, 21]}, "61;22": {"type": "grass", "variant": 8, "pos": [61, 22]}, "61;23": {"type": "grass", "variant": 8, "pos": [61, 23]}, "61;24": {"type": "grass", "variant": 5, "pos": [61, 24]}, "62;15": {"type": "grass", "variant": 1, "pos": [62, 15]}, "62;16": {"type": "grass", "variant": 8, "pos": [62, 16]}, "62;17": {"type": "grass", "variant": 8, "pos": [62, 17]}, "62;18": {"type": "grass", "variant": 8, "pos": [62, 18]}, "62;19": {"type": "grass", "variant": 8, "pos": [62, 19]}, "62;20": {"type": "grass", "variant": 8, "pos": [62, 20]}, "62;21": {"type": "grass", "variant": 8, "pos": [62, 21]}, "62;22": {"type": "grass", "variant": 8, "pos": [62, 22]}, "62;23": {"type": "grass", "variant": 8, "pos": [62, 23]}, "62;24": {"type": "grass", "variant": 5, "pos": [62, 24]}, "63;15": {"type": "grass", "variant": 1, "pos": [63, 15]}, "63;16": {"type": "grass", "variant": 8, "pos": [63, 16]}, "63;17": {"type": "grass", "variant": 8, "pos": [63, 17]}, "63;18": {"type": "grass", "variant": 8, "pos": [63, 18]}, "63;19": {"type": "grass", "variant": 8, "pos": [63, 19]}, "63;20": {"type": "grass", "variant": 8, "pos": [63, 20]}, "63;21": {"type": "grass", "variant": 8, "pos": [63, 21]}, "63;22": {"type": "grass", "variant": 8, "pos": [63, 22]}, "63;23": {"type": "grass", "variant": 8, "pos": [63, 23]}, "63;24": {"type": "grass", "variant": 5, "pos": [63, 24]}, "64;15": {"type": "grass", "variant": 1, "pos": [64, 15]}, "64;16": {"type": "grass", "variant": 8, "pos": [64, 16]}, "64;17": {"type": "grass", "variant": 8, "pos": [64, 17]}, "64;18": {"type": "grass", "variant": 8, "pos": [64, 18]}, "64;19": {"type": "grass", "variant": 8, "pos": [64, 19]}, "64;20": {"type": "grass", "variant": 8, "pos": [64, 20]}, "64;21": {"type": "grass", "variant": 8, "pos": [64, 21]}, "64;22": {"type": "grass", "variant": 8, "pos": [64, 22]}, "64;23": {"type": "grass", "variant": 8, "pos": [64, 23]}, "64;24": {"type": "grass", "variant": 5, "pos": [64, 24]}, "65;15": {"type": "grass", "variant": 1, "pos": [65, 15]}, "65;16": {"type": "grass", "variant": 8, "pos": [65, 16]}, "65;17": {"type": "grass", "variant": 8, "pos": [65, 17]}, "65;18": {"type": "grass", "variant": 8, "pos": [65, 18]}, "65;19": {"type": "grass", "variant": 8, "pos": [65, 19]}, "65;20": {"type": "grass", "variant": 8, "pos": [65, 20]}, "65;21": {"type": "grass", "variant": 8, "pos": [65, 21]}, "65;22": {"type": "grass", "variant": 8, "pos": [65, 22]}, "65;23": {"type": "grass", "variant": 8, "pos": [65, 23]}, "65;24": {"type": "grass", "variant": 5, "pos": [65, 24]}, "66;15": {"type": "grass", "variant": 1, "pos": [66, 15]}, "66;16": {"type": "grass", "variant": 8, "pos": [66, 16]}, "66;17": {"type": "grass", "variant": 8, "pos": [66, 17]}, "66;18": {"type": "grass", "variant": 8, "pos": [66, 18]}, "66;19": {"type": "grass", "variant": 8, "pos": [66, 19]}, "66;20": {"type": "grass", "variant": 8, "pos": [66, 20]}, "66;21": {"type": "grass", "variant": 8, "pos": [66, 21]}, "66;22": {"type": "grass", "variant": 8, "pos": [66, 22]}, "66;23": {"type": "grass", "variant": 8, "pos": [66, 23]}, "66;24": {"type": "grass", "variant": 5, "pos": [66, 24]}, "67;15": {"type": "grass", "variant": 1, "pos": [67, 15]}, "67;16": {"type": "grass", "variant": 8, "pos": [67, 16]}, "67;17": {"type": "grass", "variant": 8, "pos": [67, 17]}, "67;18": {"type": "grass", "variant": 8, "pos": [67, 18]}, "67;19": {"type": "grass", "variant": 8, "pos": [67, 19]}, "67;20": {"type": "grass", "variant": 8, "pos": [67, 20]}, "67;21": {"type": "grass", "variant": 8, "pos": [67, 21]}, "67;22": {"type": "grass", "variant": 8, "pos": [67, 22]}, "67;23": {"type": "grass", "variant": 8, "pos": [67, 23]}, "67;24": {"type": "grass", "variant": 5, "pos": [67, 24]}, "68;15": {"type": "grass", "variant": 1, "pos": [68, 15]}, "68;16": {"type": "grass", "variant": 8, "pos": [68, 16]}, "68;17": {"type": "grass", "variant": 8, "pos": [68, 17]}, "68;18": {"type": "grass", "variant": 8, "pos": [68, 18]}, "68;19": {"type": "grass", "variant": 8, "pos": [68, 19]}, "68;20": {"type": "grass", "variant": 8, "pos": [68, 20]}, "68;21": {"type": "grass", "variant": 8, "pos": [68, 21]}, "68;22": {"type": "grass", "variant": 8, "pos": [68, 22]}, "68;23": {"type": "grass", "variant": 8, "pos": [68, 23]}, "68;24": {"type": "grass", "variant": 5, "pos": [68, 24]}, "69;15": {"type": "grass", "variant": 2, "pos": [69, 15]}, "69;16": {"type": "grass", "variant": 3, "pos": [69, 16]}, "69;17": {"type": "grass", "variant": 3, "pos": [69, 17]}, "69;18": {"type": "grass", "variant": 3, "pos": [69, 18]}, "69;19": {"type": "grass", "variant": 3, "pos": [69, 19]}, "69;20": {"type": "grass", "variant": 3, "pos": [69, 20]}, "69;21": {"type": "grass", "variant": 3, "pos": [69, 21]}, "69;22": {"type": "grass", "variant": 3, "pos": [69, 22]}, "69;23": {"type": "grass", "variant": 3, "pos": [69, 23]}, "69;24": {"type": "grass", "variant": 4, "pos": [69, 24]}, "60;13": {"type": "decor", "variant": 3, "pos": [60, 13]}, "59;14": {"type": "grass", "variant": 1, "pos": [59, 14]}, "16;13": {"type": "decor", "variant": 3, "pos": [16, 13]}, "2;11": {"type": "spawners", "variant": 0, "pos": [2, 11]}, "25;12": {"type": "spawners", "variant": 1, "pos": [25, 12]}, "51;12": {"type": "spawners", "variant": 1, "pos": [51, 12]}}, "tile_size": 16, "offgrid": [{"type": "decor", "variant": 0, "pos": [17.0, 222.0]}, {"type": "decor", "variant": 0, "pos": [53.0, 224.0]}, {"type": "decor", "variant": 0, "pos": [98.5, 222.0]}, {"type": "decor", "variant": 0, "pos": [188.0, 206.5]}, {"type": "decor", "variant": 0, "pos": [132.0, 222.5]}, {"type": "decor", "variant": 0, "pos": [225.5, 207.0]}, {"type": "decor", "variant": 0, "pos": [344.0, 204.0]}, {"type": "decor", "variant": 0, "pos": [397.5, 206.5]}, {"type": "decor", "variant": 0, "pos": [584.5, 143.5]}, {"type": "decor", "variant": 0, "pos": [616.0, 143.5]}, {"type": "decor", "variant": 0, "pos": [669.0, 139.5]}, {"type": "decor", "variant": 0, "pos": [705.5, 141.0]}, {"type": "decor", "variant": 0, "pos": [811.5, 206.0]}, {"type": "decor", "variant": 0, "pos": [878.5, 208.5]}, {"type": "decor", "variant": 0, "pos": [853.5, 209.0]}, {"type": "decor", "variant": 0, "pos": [908.5, 210.0]}, {"type": "decor", "variant": 0, "pos": [927.5, 206.5]}, {"type": "decor", "variant": 0, "pos": [997.0, 220.5]}, {"type": "decor", "variant": 0, "pos": [1029.5, 224.5]}, {"type": "decor", "variant": 0, "pos": [547.5, 142.5]}, {"type": "large_decor", "variant": 2, "pos": [28.0, 197.0]}, {"type": "large_decor", "variant": 2, "pos": [111.5, 197.0]}, {"type": "large_decor", "variant": 2, "pos": [359.5, 179.0]}, {"type": "large_decor", "variant": 2, "pos": [858.5, 180.0]}, {"type": "large_decor", "variant": 2, "pos": [630.0, 116.5]}]}