{"tilemap": {"0;16": {"type": "grass", "variant": 0, "pos": [0, 16]}, "0;17": {"type": "grass", "variant": 0, "pos": [0, 17]}, "0;18": {"type": "grass", "variant": 0, "pos": [0, 18]}, "0;19": {"type": "grass", "variant": 0, "pos": [0, 19]}, "0;20": {"type": "grass", "variant": 0, "pos": [0, 20]}, "0;21": {"type": "grass", "variant": 0, "pos": [0, 21]}, "0;22": {"type": "grass", "variant": 0, "pos": [0, 22]}, "0;23": {"type": "grass", "variant": 0, "pos": [0, 23]}, "0;24": {"type": "grass", "variant": 0, "pos": [0, 24]}, "0;25": {"type": "grass", "variant": 0, "pos": [0, 25]}, "1;16": {"type": "grass", "variant": 0, "pos": [1, 16]}, "1;17": {"type": "grass", "variant": 0, "pos": [1, 17]}, "1;18": {"type": "grass", "variant": 0, "pos": [1, 18]}, "1;19": {"type": "grass", "variant": 0, "pos": [1, 19]}, "1;20": {"type": "grass", "variant": 0, "pos": [1, 20]}, "1;21": {"type": "grass", "variant": 0, "pos": [1, 21]}, "1;22": {"type": "grass", "variant": 0, "pos": [1, 22]}, "1;23": {"type": "grass", "variant": 0, "pos": [1, 23]}, "1;24": {"type": "grass", "variant": 0, "pos": [1, 24]}, "1;25": {"type": "grass", "variant": 0, "pos": [1, 25]}, "1;26": {"type": "grass", "variant": 0, "pos": [1, 26]}, "2;17": {"type": "grass", "variant": 0, "pos": [2, 17]}, "2;18": {"type": "grass", "variant": 0, "pos": [2, 18]}, "2;19": {"type": "grass", "variant": 0, "pos": [2, 19]}, "2;20": {"type": "grass", "variant": 0, "pos": [2, 20]}, "2;21": {"type": "grass", "variant": 0, "pos": [2, 21]}, "2;22": {"type": "grass", "variant": 0, "pos": [2, 22]}, "2;23": {"type": "grass", "variant": 0, "pos": [2, 23]}, "2;24": {"type": "grass", "variant": 0, "pos": [2, 24]}, "2;25": {"type": "grass", "variant": 0, "pos": [2, 25]}, "2;26": {"type": "grass", "variant": 0, "pos": [2, 26]}, "3;17": {"type": "grass", "variant": 0, "pos": [3, 17]}, "3;18": {"type": "grass", "variant": 0, "pos": [3, 18]}, "3;19": {"type": "grass", "variant": 0, "pos": [3, 19]}, "3;20": {"type": "grass", "variant": 0, "pos": [3, 20]}, "3;21": {"type": "grass", "variant": 0, "pos": [3, 21]}, "3;22": {"type": "grass", "variant": 0, "pos": [3, 22]}, "3;23": {"type": "grass", "variant": 0, "pos": [3, 23]}, "3;24": {"type": "grass", "variant": 0, "pos": [3, 24]}, "3;25": {"type": "grass", "variant": 0, "pos": [3, 25]}, "3;26": {"type": "grass", "variant": 0, "pos": [3, 26]}, "4;17": {"type": "grass", "variant": 0, "pos": [4, 17]}, "4;18": {"type": "grass", "variant": 0, "pos": [4, 18]}, "4;19": {"type": "grass", "variant": 0, "pos": [4, 19]}, "4;20": {"type": "grass", "variant": 0, "pos": [4, 20]}, "4;21": {"type": "grass", "variant": 0, "pos": [4, 21]}, "4;22": {"type": "grass", "variant": 0, "pos": [4, 22]}, "4;23": {"type": "grass", "variant": 0, "pos": [4, 23]}, "4;24": {"type": "grass", "variant": 0, "pos": [4, 24]}, "4;25": {"type": "grass", "variant": 0, "pos": [4, 25]}, "4;26": {"type": "grass", "variant": 0, "pos": [4, 26]}, "5;17": {"type": "grass", "variant": 0, "pos": [5, 17]}, "5;18": {"type": "grass", "variant": 0, "pos": [5, 18]}, "5;19": {"type": "grass", "variant": 0, "pos": [5, 19]}, "5;20": {"type": "grass", "variant": 0, "pos": [5, 20]}, "5;21": {"type": "grass", "variant": 0, "pos": [5, 21]}, "5;22": {"type": "grass", "variant": 0, "pos": [5, 22]}, "5;23": {"type": "grass", "variant": 0, "pos": [5, 23]}, "5;24": {"type": "grass", "variant": 0, "pos": [5, 24]}, "5;25": {"type": "grass", "variant": 0, "pos": [5, 25]}, "5;26": {"type": "grass", "variant": 0, "pos": [5, 26]}, "6;17": {"type": "grass", "variant": 0, "pos": [6, 17]}, "6;18": {"type": "grass", "variant": 0, "pos": [6, 18]}, "6;19": {"type": "grass", "variant": 0, "pos": [6, 19]}, "6;20": {"type": "grass", "variant": 0, "pos": [6, 20]}, "6;21": {"type": "grass", "variant": 0, "pos": [6, 21]}, "6;22": {"type": "grass", "variant": 0, "pos": [6, 22]}, "6;23": {"type": "grass", "variant": 0, "pos": [6, 23]}, "6;24": {"type": "grass", "variant": 0, "pos": [6, 24]}, "6;25": {"type": "grass", "variant": 0, "pos": [6, 25]}, "6;26": {"type": "grass", "variant": 0, "pos": [6, 26]}, "7;17": {"type": "grass", "variant": 0, "pos": [7, 17]}, "7;18": {"type": "grass", "variant": 0, "pos": [7, 18]}, "7;19": {"type": "grass", "variant": 0, "pos": [7, 19]}, "7;20": {"type": "grass", "variant": 0, "pos": [7, 20]}, "7;21": {"type": "grass", "variant": 0, "pos": [7, 21]}, "7;22": {"type": "grass", "variant": 0, "pos": [7, 22]}, "7;23": {"type": "grass", "variant": 0, "pos": [7, 23]}, "7;24": {"type": "grass", "variant": 0, "pos": [7, 24]}, "7;25": {"type": "grass", "variant": 0, "pos": [7, 25]}, "7;26": {"type": "grass", "variant": 0, "pos": [7, 26]}, "8;17": {"type": "grass", "variant": 0, "pos": [8, 17]}, "8;18": {"type": "grass", "variant": 0, "pos": [8, 18]}, "8;19": {"type": "grass", "variant": 0, "pos": [8, 19]}, "8;20": {"type": "grass", "variant": 0, "pos": [8, 20]}, "8;21": {"type": "grass", "variant": 0, "pos": [8, 21]}, "8;22": {"type": "grass", "variant": 0, "pos": [8, 22]}, "8;23": {"type": "grass", "variant": 0, "pos": [8, 23]}, "8;24": {"type": "grass", "variant": 0, "pos": [8, 24]}, "8;25": {"type": "grass", "variant": 0, "pos": [8, 25]}, "8;26": {"type": "grass", "variant": 0, "pos": [8, 26]}, "9;17": {"type": "grass", "variant": 0, "pos": [9, 17]}, "9;18": {"type": "grass", "variant": 0, "pos": [9, 18]}, "9;19": {"type": "grass", "variant": 0, "pos": [9, 19]}, "9;20": {"type": "grass", "variant": 0, "pos": [9, 20]}, "9;21": {"type": "grass", "variant": 0, "pos": [9, 21]}, "9;22": {"type": "grass", "variant": 0, "pos": [9, 22]}, "9;23": {"type": "grass", "variant": 0, "pos": [9, 23]}, "9;24": {"type": "grass", "variant": 0, "pos": [9, 24]}, "9;25": {"type": "grass", "variant": 0, "pos": [9, 25]}, "9;26": {"type": "grass", "variant": 0, "pos": [9, 26]}, "10;17": {"type": "grass", "variant": 0, "pos": [10, 17]}, "10;18": {"type": "grass", "variant": 0, "pos": [10, 18]}, "10;19": {"type": "grass", "variant": 0, "pos": [10, 19]}, "10;20": {"type": "grass", "variant": 0, "pos": [10, 20]}, "10;21": {"type": "grass", "variant": 0, "pos": [10, 21]}, "10;22": {"type": "grass", "variant": 0, "pos": [10, 22]}, "10;23": {"type": "grass", "variant": 0, "pos": [10, 23]}, "10;24": {"type": "grass", "variant": 0, "pos": [10, 24]}, "10;25": {"type": "grass", "variant": 0, "pos": [10, 25]}, "10;26": {"type": "grass", "variant": 0, "pos": [10, 26]}, "11;17": {"type": "grass", "variant": 0, "pos": [11, 17]}, "11;18": {"type": "grass", "variant": 0, "pos": [11, 18]}, "11;19": {"type": "grass", "variant": 0, "pos": [11, 19]}, "11;20": {"type": "grass", "variant": 0, "pos": [11, 20]}, "11;21": {"type": "grass", "variant": 0, "pos": [11, 21]}, "11;22": {"type": "grass", "variant": 0, "pos": [11, 22]}, "11;23": {"type": "grass", "variant": 0, "pos": [11, 23]}, "11;24": {"type": "grass", "variant": 0, "pos": [11, 24]}, "11;25": {"type": "grass", "variant": 0, "pos": [11, 25]}, "11;26": {"type": "grass", "variant": 0, "pos": [11, 26]}, "12;17": {"type": "grass", "variant": 0, "pos": [12, 17]}, "12;18": {"type": "grass", "variant": 0, "pos": [12, 18]}, "12;19": {"type": "grass", "variant": 0, "pos": [12, 19]}, "12;20": {"type": "grass", "variant": 0, "pos": [12, 20]}, "12;21": {"type": "grass", "variant": 0, "pos": [12, 21]}, "12;22": {"type": "grass", "variant": 0, "pos": [12, 22]}, "12;23": {"type": "grass", "variant": 0, "pos": [12, 23]}, "12;24": {"type": "grass", "variant": 0, "pos": [12, 24]}, "12;25": {"type": "grass", "variant": 0, "pos": [12, 25]}, "12;26": {"type": "grass", "variant": 0, "pos": [12, 26]}, "13;17": {"type": "grass", "variant": 0, "pos": [13, 17]}, "13;18": {"type": "grass", "variant": 0, "pos": [13, 18]}, "13;19": {"type": "grass", "variant": 0, "pos": [13, 19]}, "13;20": {"type": "grass", "variant": 0, "pos": [13, 20]}, "13;21": {"type": "grass", "variant": 0, "pos": [13, 21]}, "13;22": {"type": "grass", "variant": 0, "pos": [13, 22]}, "13;23": {"type": "grass", "variant": 0, "pos": [13, 23]}, "13;24": {"type": "grass", "variant": 0, "pos": [13, 24]}, "13;25": {"type": "grass", "variant": 0, "pos": [13, 25]}, "13;26": {"type": "grass", "variant": 0, "pos": [13, 26]}, "14;17": {"type": "grass", "variant": 0, "pos": [14, 17]}, "14;18": {"type": "grass", "variant": 0, "pos": [14, 18]}, "14;19": {"type": "grass", "variant": 0, "pos": [14, 19]}, "14;20": {"type": "grass", "variant": 0, "pos": [14, 20]}, "14;21": {"type": "grass", "variant": 0, "pos": [14, 21]}, "14;22": {"type": "grass", "variant": 0, "pos": [14, 22]}, "14;23": {"type": "grass", "variant": 0, "pos": [14, 23]}, "14;24": {"type": "grass", "variant": 0, "pos": [14, 24]}, "14;25": {"type": "grass", "variant": 0, "pos": [14, 25]}, "14;26": {"type": "grass", "variant": 0, "pos": [14, 26]}, "15;17": {"type": "grass", "variant": 0, "pos": [15, 17]}, "15;18": {"type": "grass", "variant": 0, "pos": [15, 18]}, "15;19": {"type": "grass", "variant": 0, "pos": [15, 19]}, "15;20": {"type": "grass", "variant": 0, "pos": [15, 20]}, "15;21": {"type": "grass", "variant": 0, "pos": [15, 21]}, "15;22": {"type": "grass", "variant": 0, "pos": [15, 22]}, "15;23": {"type": "grass", "variant": 0, "pos": [15, 23]}, "15;24": {"type": "grass", "variant": 0, "pos": [15, 24]}, "15;25": {"type": "grass", "variant": 0, "pos": [15, 25]}, "15;26": {"type": "grass", "variant": 0, "pos": [15, 26]}, "16;17": {"type": "grass", "variant": 0, "pos": [16, 17]}, "16;18": {"type": "grass", "variant": 0, "pos": [16, 18]}, "16;19": {"type": "grass", "variant": 0, "pos": [16, 19]}, "16;20": {"type": "grass", "variant": 0, "pos": [16, 20]}, "16;21": {"type": "grass", "variant": 0, "pos": [16, 21]}, "16;22": {"type": "grass", "variant": 0, "pos": [16, 22]}, "16;23": {"type": "grass", "variant": 0, "pos": [16, 23]}, "16;24": {"type": "grass", "variant": 0, "pos": [16, 24]}, "16;25": {"type": "grass", "variant": 0, "pos": [16, 25]}, "16;26": {"type": "grass", "variant": 0, "pos": [16, 26]}, "17;17": {"type": "grass", "variant": 0, "pos": [17, 17]}, "17;18": {"type": "grass", "variant": 0, "pos": [17, 18]}, "17;19": {"type": "grass", "variant": 0, "pos": [17, 19]}, "17;20": {"type": "grass", "variant": 0, "pos": [17, 20]}, "17;21": {"type": "grass", "variant": 0, "pos": [17, 21]}, "17;22": {"type": "grass", "variant": 0, "pos": [17, 22]}, "17;23": {"type": "grass", "variant": 0, "pos": [17, 23]}, "17;24": {"type": "grass", "variant": 0, "pos": [17, 24]}, "17;25": {"type": "grass", "variant": 0, "pos": [17, 25]}, "17;26": {"type": "grass", "variant": 0, "pos": [17, 26]}, "18;17": {"type": "grass", "variant": 0, "pos": [18, 17]}, "18;18": {"type": "grass", "variant": 0, "pos": [18, 18]}, "18;19": {"type": "grass", "variant": 0, "pos": [18, 19]}, "18;20": {"type": "grass", "variant": 0, "pos": [18, 20]}, "18;21": {"type": "grass", "variant": 0, "pos": [18, 21]}, "18;22": {"type": "grass", "variant": 0, "pos": [18, 22]}, "18;23": {"type": "grass", "variant": 0, "pos": [18, 23]}, "18;24": {"type": "grass", "variant": 0, "pos": [18, 24]}, "18;25": {"type": "grass", "variant": 0, "pos": [18, 25]}, "18;26": {"type": "grass", "variant": 0, "pos": [18, 26]}, "19;17": {"type": "grass", "variant": 0, "pos": [19, 17]}, "19;18": {"type": "grass", "variant": 0, "pos": [19, 18]}, "19;19": {"type": "grass", "variant": 0, "pos": [19, 19]}, "19;20": {"type": "grass", "variant": 0, "pos": [19, 20]}, "19;21": {"type": "grass", "variant": 0, "pos": [19, 21]}, "19;22": {"type": "grass", "variant": 0, "pos": [19, 22]}, "19;23": {"type": "grass", "variant": 0, "pos": [19, 23]}, "19;24": {"type": "grass", "variant": 0, "pos": [19, 24]}, "19;25": {"type": "grass", "variant": 0, "pos": [19, 25]}, "19;26": {"type": "grass", "variant": 0, "pos": [19, 26]}, "2;15": {"type": "decor", "variant": 0, "pos": [2, 15]}, "2;16": {"type": "grass", "variant": 0, "pos": [2, 16]}, "9;16": {"type": "decor", "variant": 0, "pos": [9, 16]}, "29;17": {"type": "grass", "variant": 0, "pos": [29, 17]}, "29;18": {"type": "grass", "variant": 0, "pos": [29, 18]}, "29;19": {"type": "grass", "variant": 0, "pos": [29, 19]}, "29;20": {"type": "grass", "variant": 0, "pos": [29, 20]}, "29;21": {"type": "grass", "variant": 0, "pos": [29, 21]}, "29;22": {"type": "grass", "variant": 0, "pos": [29, 22]}, "29;23": {"type": "grass", "variant": 0, "pos": [29, 23]}, "29;24": {"type": "grass", "variant": 0, "pos": [29, 24]}, "29;25": {"type": "grass", "variant": 0, "pos": [29, 25]}, "29;26": {"type": "grass", "variant": 0, "pos": [29, 26]}, "30;17": {"type": "grass", "variant": 0, "pos": [30, 17]}, "30;18": {"type": "grass", "variant": 0, "pos": [30, 18]}, "30;19": {"type": "grass", "variant": 0, "pos": [30, 19]}, "30;20": {"type": "grass", "variant": 0, "pos": [30, 20]}, "30;21": {"type": "grass", "variant": 0, "pos": [30, 21]}, "30;22": {"type": "grass", "variant": 0, "pos": [30, 22]}, "30;23": {"type": "grass", "variant": 0, "pos": [30, 23]}, "30;24": {"type": "grass", "variant": 0, "pos": [30, 24]}, "30;25": {"type": "grass", "variant": 0, "pos": [30, 25]}, "30;26": {"type": "grass", "variant": 0, "pos": [30, 26]}, "31;17": {"type": "grass", "variant": 0, "pos": [31, 17]}, "31;18": {"type": "grass", "variant": 0, "pos": [31, 18]}, "31;19": {"type": "grass", "variant": 0, "pos": [31, 19]}, "31;20": {"type": "grass", "variant": 0, "pos": [31, 20]}, "31;21": {"type": "grass", "variant": 0, "pos": [31, 21]}, "31;22": {"type": "grass", "variant": 0, "pos": [31, 22]}, "31;23": {"type": "grass", "variant": 0, "pos": [31, 23]}, "31;24": {"type": "grass", "variant": 0, "pos": [31, 24]}, "31;25": {"type": "grass", "variant": 0, "pos": [31, 25]}, "31;26": {"type": "grass", "variant": 0, "pos": [31, 26]}, "32;17": {"type": "grass", "variant": 0, "pos": [32, 17]}, "32;18": {"type": "grass", "variant": 0, "pos": [32, 18]}, "32;19": {"type": "grass", "variant": 0, "pos": [32, 19]}, "32;20": {"type": "grass", "variant": 0, "pos": [32, 20]}, "32;21": {"type": "grass", "variant": 0, "pos": [32, 21]}, "32;22": {"type": "grass", "variant": 0, "pos": [32, 22]}, "32;23": {"type": "grass", "variant": 0, "pos": [32, 23]}, "32;24": {"type": "grass", "variant": 0, "pos": [32, 24]}, "32;25": {"type": "grass", "variant": 0, "pos": [32, 25]}, "32;26": {"type": "grass", "variant": 0, "pos": [32, 26]}, "33;17": {"type": "grass", "variant": 0, "pos": [33, 17]}, "33;18": {"type": "grass", "variant": 0, "pos": [33, 18]}, "33;19": {"type": "grass", "variant": 0, "pos": [33, 19]}, "33;20": {"type": "grass", "variant": 0, "pos": [33, 20]}, "33;21": {"type": "grass", "variant": 0, "pos": [33, 21]}, "33;22": {"type": "grass", "variant": 0, "pos": [33, 22]}, "33;23": {"type": "grass", "variant": 0, "pos": [33, 23]}, "33;24": {"type": "grass", "variant": 0, "pos": [33, 24]}, "33;25": {"type": "grass", "variant": 0, "pos": [33, 25]}, "33;26": {"type": "grass", "variant": 0, "pos": [33, 26]}, "34;17": {"type": "grass", "variant": 0, "pos": [34, 17]}, "34;18": {"type": "grass", "variant": 0, "pos": [34, 18]}, "34;19": {"type": "grass", "variant": 0, "pos": [34, 19]}, "34;20": {"type": "grass", "variant": 0, "pos": [34, 20]}, "34;21": {"type": "grass", "variant": 0, "pos": [34, 21]}, "34;22": {"type": "grass", "variant": 0, "pos": [34, 22]}, "34;23": {"type": "grass", "variant": 0, "pos": [34, 23]}, "34;24": {"type": "grass", "variant": 0, "pos": [34, 24]}, "34;25": {"type": "grass", "variant": 0, "pos": [34, 25]}, "34;26": {"type": "grass", "variant": 0, "pos": [34, 26]}, "35;17": {"type": "grass", "variant": 0, "pos": [35, 17]}, "35;18": {"type": "grass", "variant": 0, "pos": [35, 18]}, "35;19": {"type": "grass", "variant": 0, "pos": [35, 19]}, "35;20": {"type": "grass", "variant": 0, "pos": [35, 20]}, "35;21": {"type": "grass", "variant": 0, "pos": [35, 21]}, "35;22": {"type": "grass", "variant": 0, "pos": [35, 22]}, "35;23": {"type": "grass", "variant": 0, "pos": [35, 23]}, "35;24": {"type": "grass", "variant": 0, "pos": [35, 24]}, "35;25": {"type": "grass", "variant": 0, "pos": [35, 25]}, "35;26": {"type": "grass", "variant": 0, "pos": [35, 26]}, "26;17": {"type": "grass", "variant": 0, "pos": [26, 17]}, "26;18": {"type": "grass", "variant": 0, "pos": [26, 18]}, "26;19": {"type": "grass", "variant": 0, "pos": [26, 19]}, "26;20": {"type": "grass", "variant": 0, "pos": [26, 20]}, "26;21": {"type": "grass", "variant": 0, "pos": [26, 21]}, "26;22": {"type": "grass", "variant": 0, "pos": [26, 22]}, "26;23": {"type": "grass", "variant": 0, "pos": [26, 23]}, "26;24": {"type": "grass", "variant": 0, "pos": [26, 24]}, "26;25": {"type": "grass", "variant": 0, "pos": [26, 25]}, "26;26": {"type": "grass", "variant": 0, "pos": [26, 26]}, "27;17": {"type": "grass", "variant": 0, "pos": [27, 17]}, "27;18": {"type": "grass", "variant": 0, "pos": [27, 18]}, "27;19": {"type": "grass", "variant": 0, "pos": [27, 19]}, "27;20": {"type": "grass", "variant": 0, "pos": [27, 20]}, "27;21": {"type": "grass", "variant": 0, "pos": [27, 21]}, "27;22": {"type": "grass", "variant": 0, "pos": [27, 22]}, "27;23": {"type": "grass", "variant": 0, "pos": [27, 23]}, "27;24": {"type": "grass", "variant": 0, "pos": [27, 24]}, "27;25": {"type": "grass", "variant": 0, "pos": [27, 25]}, "27;26": {"type": "grass", "variant": 0, "pos": [27, 26]}, "28;17": {"type": "grass", "variant": 0, "pos": [28, 17]}, "28;18": {"type": "grass", "variant": 0, "pos": [28, 18]}, "28;19": {"type": "grass", "variant": 0, "pos": [28, 19]}, "28;20": {"type": "grass", "variant": 0, "pos": [28, 20]}, "28;21": {"type": "grass", "variant": 0, "pos": [28, 21]}, "28;22": {"type": "grass", "variant": 0, "pos": [28, 22]}, "28;23": {"type": "grass", "variant": 0, "pos": [28, 23]}, "28;24": {"type": "grass", "variant": 0, "pos": [28, 24]}, "28;25": {"type": "grass", "variant": 0, "pos": [28, 25]}, "28;26": {"type": "grass", "variant": 0, "pos": [28, 26]}, "36;18": {"type": "grass", "variant": 0, "pos": [36, 18]}, "36;19": {"type": "grass", "variant": 0, "pos": [36, 19]}, "36;20": {"type": "grass", "variant": 0, "pos": [36, 20]}, "36;21": {"type": "grass", "variant": 0, "pos": [36, 21]}, "36;22": {"type": "grass", "variant": 0, "pos": [36, 22]}, "36;23": {"type": "grass", "variant": 0, "pos": [36, 23]}, "36;24": {"type": "grass", "variant": 0, "pos": [36, 24]}, "36;25": {"type": "grass", "variant": 0, "pos": [36, 25]}, "36;26": {"type": "grass", "variant": 0, "pos": [36, 26]}, "37;17": {"type": "grass", "variant": 0, "pos": [37, 17]}, "37;18": {"type": "grass", "variant": 0, "pos": [37, 18]}, "37;19": {"type": "grass", "variant": 0, "pos": [37, 19]}, "37;20": {"type": "grass", "variant": 0, "pos": [37, 20]}, "37;21": {"type": "grass", "variant": 0, "pos": [37, 21]}, "37;22": {"type": "grass", "variant": 0, "pos": [37, 22]}, "37;23": {"type": "grass", "variant": 0, "pos": [37, 23]}, "37;24": {"type": "grass", "variant": 0, "pos": [37, 24]}, "37;25": {"type": "grass", "variant": 0, "pos": [37, 25]}, "37;26": {"type": "grass", "variant": 0, "pos": [37, 26]}, "38;17": {"type": "grass", "variant": 0, "pos": [38, 17]}, "38;18": {"type": "grass", "variant": 0, "pos": [38, 18]}, "38;19": {"type": "grass", "variant": 0, "pos": [38, 19]}, "38;20": {"type": "grass", "variant": 0, "pos": [38, 20]}, "38;21": {"type": "grass", "variant": 0, "pos": [38, 21]}, "38;22": {"type": "grass", "variant": 0, "pos": [38, 22]}, "38;23": {"type": "grass", "variant": 0, "pos": [38, 23]}, "38;24": {"type": "grass", "variant": 0, "pos": [38, 24]}, "38;25": {"type": "grass", "variant": 0, "pos": [38, 25]}, "38;26": {"type": "grass", "variant": 0, "pos": [38, 26]}, "39;17": {"type": "grass", "variant": 0, "pos": [39, 17]}, "39;18": {"type": "grass", "variant": 0, "pos": [39, 18]}, "39;19": {"type": "grass", "variant": 0, "pos": [39, 19]}, "39;20": {"type": "grass", "variant": 0, "pos": [39, 20]}, "39;21": {"type": "grass", "variant": 0, "pos": [39, 21]}, "39;22": {"type": "grass", "variant": 0, "pos": [39, 22]}, "39;23": {"type": "grass", "variant": 0, "pos": [39, 23]}, "39;24": {"type": "grass", "variant": 0, "pos": [39, 24]}, "39;25": {"type": "grass", "variant": 0, "pos": [39, 25]}, "39;26": {"type": "grass", "variant": 0, "pos": [39, 26]}, "40;17": {"type": "grass", "variant": 0, "pos": [40, 17]}, "40;18": {"type": "grass", "variant": 0, "pos": [40, 18]}, "40;19": {"type": "grass", "variant": 0, "pos": [40, 19]}, "40;20": {"type": "grass", "variant": 0, "pos": [40, 20]}, "40;21": {"type": "grass", "variant": 0, "pos": [40, 21]}, "40;22": {"type": "grass", "variant": 0, "pos": [40, 22]}, "40;23": {"type": "grass", "variant": 0, "pos": [40, 23]}, "40;24": {"type": "grass", "variant": 0, "pos": [40, 24]}, "40;25": {"type": "grass", "variant": 0, "pos": [40, 25]}, "40;26": {"type": "grass", "variant": 0, "pos": [40, 26]}, "41;17": {"type": "grass", "variant": 0, "pos": [41, 17]}, "41;18": {"type": "grass", "variant": 0, "pos": [41, 18]}, "41;19": {"type": "grass", "variant": 0, "pos": [41, 19]}, "41;20": {"type": "grass", "variant": 0, "pos": [41, 20]}, "41;21": {"type": "grass", "variant": 0, "pos": [41, 21]}, "41;22": {"type": "grass", "variant": 0, "pos": [41, 22]}, "41;23": {"type": "grass", "variant": 0, "pos": [41, 23]}, "41;24": {"type": "grass", "variant": 0, "pos": [41, 24]}, "41;25": {"type": "grass", "variant": 0, "pos": [41, 25]}, "41;26": {"type": "grass", "variant": 0, "pos": [41, 26]}, "42;17": {"type": "grass", "variant": 0, "pos": [42, 17]}, "42;18": {"type": "grass", "variant": 0, "pos": [42, 18]}, "42;19": {"type": "grass", "variant": 0, "pos": [42, 19]}, "42;20": {"type": "grass", "variant": 0, "pos": [42, 20]}, "42;21": {"type": "grass", "variant": 0, "pos": [42, 21]}, "42;22": {"type": "grass", "variant": 0, "pos": [42, 22]}, "42;23": {"type": "grass", "variant": 0, "pos": [42, 23]}, "42;24": {"type": "grass", "variant": 0, "pos": [42, 24]}, "42;25": {"type": "grass", "variant": 0, "pos": [42, 25]}, "42;26": {"type": "grass", "variant": 0, "pos": [42, 26]}, "43;16": {"type": "grass", "variant": 0, "pos": [43, 16]}, "43;17": {"type": "grass", "variant": 0, "pos": [43, 17]}, "43;18": {"type": "grass", "variant": 0, "pos": [43, 18]}, "43;19": {"type": "grass", "variant": 0, "pos": [43, 19]}, "43;20": {"type": "grass", "variant": 0, "pos": [43, 20]}, "43;21": {"type": "grass", "variant": 0, "pos": [43, 21]}, "43;22": {"type": "grass", "variant": 0, "pos": [43, 22]}, "43;23": {"type": "grass", "variant": 0, "pos": [43, 23]}, "43;24": {"type": "grass", "variant": 0, "pos": [43, 24]}, "43;25": {"type": "grass", "variant": 0, "pos": [43, 25]}, "43;15": {"type": "grass", "variant": 0, "pos": [43, 15]}, "44;15": {"type": "grass", "variant": 0, "pos": [44, 15]}, "44;16": {"type": "grass", "variant": 0, "pos": [44, 16]}, "44;17": {"type": "grass", "variant": 0, "pos": [44, 17]}, "44;18": {"type": "grass", "variant": 0, "pos": [44, 18]}, "44;19": {"type": "grass", "variant": 0, "pos": [44, 19]}, "44;20": {"type": "grass", "variant": 0, "pos": [44, 20]}, "44;21": {"type": "grass", "variant": 0, "pos": [44, 21]}, "44;22": {"type": "grass", "variant": 0, "pos": [44, 22]}, "44;23": {"type": "grass", "variant": 0, "pos": [44, 23]}, "44;24": {"type": "grass", "variant": 0, "pos": [44, 24]}, "45;15": {"type": "grass", "variant": 0, "pos": [45, 15]}, "45;16": {"type": "grass", "variant": 0, "pos": [45, 16]}, "45;17": {"type": "grass", "variant": 0, "pos": [45, 17]}, "45;18": {"type": "grass", "variant": 0, "pos": [45, 18]}, "45;19": {"type": "grass", "variant": 0, "pos": [45, 19]}, "45;20": {"type": "grass", "variant": 0, "pos": [45, 20]}, "45;21": {"type": "grass", "variant": 0, "pos": [45, 21]}, "45;22": {"type": "grass", "variant": 0, "pos": [45, 22]}, "45;23": {"type": "grass", "variant": 0, "pos": [45, 23]}, "45;24": {"type": "grass", "variant": 0, "pos": [45, 24]}, "45;14": {"type": "grass", "variant": 0, "pos": [45, 14]}, "46;14": {"type": "grass", "variant": 0, "pos": [46, 14]}, "46;15": {"type": "grass", "variant": 0, "pos": [46, 15]}, "46;16": {"type": "grass", "variant": 0, "pos": [46, 16]}, "46;17": {"type": "grass", "variant": 0, "pos": [46, 17]}, "46;18": {"type": "grass", "variant": 0, "pos": [46, 18]}, "46;19": {"type": "grass", "variant": 0, "pos": [46, 19]}, "46;20": {"type": "grass", "variant": 0, "pos": [46, 20]}, "46;21": {"type": "grass", "variant": 0, "pos": [46, 21]}, "46;22": {"type": "grass", "variant": 0, "pos": [46, 22]}, "46;23": {"type": "grass", "variant": 0, "pos": [46, 23]}, "47;14": {"type": "grass", "variant": 0, "pos": [47, 14]}, "47;15": {"type": "grass", "variant": 0, "pos": [47, 15]}, "47;16": {"type": "grass", "variant": 0, "pos": [47, 16]}, "47;17": {"type": "grass", "variant": 0, "pos": [47, 17]}, "47;18": {"type": "grass", "variant": 0, "pos": [47, 18]}, "47;19": {"type": "grass", "variant": 0, "pos": [47, 19]}, "47;20": {"type": "grass", "variant": 0, "pos": [47, 20]}, "47;21": {"type": "grass", "variant": 0, "pos": [47, 21]}, "47;22": {"type": "grass", "variant": 0, "pos": [47, 22]}, "47;23": {"type": "grass", "variant": 0, "pos": [47, 23]}, "47;13": {"type": "grass", "variant": 0, "pos": [47, 13]}, "48;13": {"type": "grass", "variant": 0, "pos": [48, 13]}, "48;14": {"type": "grass", "variant": 0, "pos": [48, 14]}, "48;15": {"type": "grass", "variant": 0, "pos": [48, 15]}, "48;16": {"type": "grass", "variant": 0, "pos": [48, 16]}, "48;17": {"type": "grass", "variant": 0, "pos": [48, 17]}, "48;18": {"type": "grass", "variant": 0, "pos": [48, 18]}, "48;19": {"type": "grass", "variant": 0, "pos": [48, 19]}, "48;20": {"type": "grass", "variant": 0, "pos": [48, 20]}, "48;21": {"type": "grass", "variant": 0, "pos": [48, 21]}, "48;22": {"type": "grass", "variant": 0, "pos": [48, 22]}, "49;13": {"type": "grass", "variant": 0, "pos": [49, 13]}, "49;14": {"type": "grass", "variant": 0, "pos": [49, 14]}, "49;15": {"type": "grass", "variant": 0, "pos": [49, 15]}, "49;16": {"type": "grass", "variant": 0, "pos": [49, 16]}, "49;17": {"type": "grass", "variant": 0, "pos": [49, 17]}, "49;18": {"type": "grass", "variant": 0, "pos": [49, 18]}, "49;19": {"type": "grass", "variant": 0, "pos": [49, 19]}, "49;20": {"type": "grass", "variant": 0, "pos": [49, 20]}, "49;21": {"type": "grass", "variant": 0, "pos": [49, 21]}, "49;22": {"type": "grass", "variant": 0, "pos": [49, 22]}, "50;13": {"type": "grass", "variant": 0, "pos": [50, 13]}, "50;14": {"type": "grass", "variant": 0, "pos": [50, 14]}, "50;15": {"type": "grass", "variant": 0, "pos": [50, 15]}, "50;16": {"type": "grass", "variant": 0, "pos": [50, 16]}, "50;17": {"type": "grass", "variant": 0, "pos": [50, 17]}, "50;18": {"type": "grass", "variant": 0, "pos": [50, 18]}, "50;19": {"type": "grass", "variant": 0, "pos": [50, 19]}, "50;20": {"type": "grass", "variant": 0, "pos": [50, 20]}, "50;21": {"type": "grass", "variant": 0, "pos": [50, 21]}, "50;22": {"type": "grass", "variant": 0, "pos": [50, 22]}, "51;13": {"type": "grass", "variant": 0, "pos": [51, 13]}, "51;14": {"type": "grass", "variant": 0, "pos": [51, 14]}, "51;15": {"type": "grass", "variant": 0, "pos": [51, 15]}, "51;16": {"type": "grass", "variant": 0, "pos": [51, 16]}, "51;17": {"type": "grass", "variant": 0, "pos": [51, 17]}, "51;18": {"type": "grass", "variant": 0, "pos": [51, 18]}, "51;19": {"type": "grass", "variant": 0, "pos": [51, 19]}, "51;20": {"type": "grass", "variant": 0, "pos": [51, 20]}, "51;21": {"type": "grass", "variant": 0, "pos": [51, 21]}, "51;22": {"type": "grass", "variant": 0, "pos": [51, 22]}, "52;13": {"type": "grass", "variant": 0, "pos": [52, 13]}, "52;14": {"type": "grass", "variant": 0, "pos": [52, 14]}, "52;15": {"type": "grass", "variant": 0, "pos": [52, 15]}, "52;16": {"type": "grass", "variant": 0, "pos": [52, 16]}, "52;17": {"type": "grass", "variant": 0, "pos": [52, 17]}, "52;18": {"type": "grass", "variant": 0, "pos": [52, 18]}, "52;19": {"type": "grass", "variant": 0, "pos": [52, 19]}, "52;20": {"type": "grass", "variant": 0, "pos": [52, 20]}, "52;21": {"type": "grass", "variant": 0, "pos": [52, 21]}, "52;22": {"type": "grass", "variant": 0, "pos": [52, 22]}, "53;13": {"type": "grass", "variant": 0, "pos": [53, 13]}, "53;14": {"type": "grass", "variant": 0, "pos": [53, 14]}, "53;15": {"type": "grass", "variant": 0, "pos": [53, 15]}, "53;16": {"type": "grass", "variant": 0, "pos": [53, 16]}, "53;17": {"type": "grass", "variant": 0, "pos": [53, 17]}, "53;18": {"type": "grass", "variant": 0, "pos": [53, 18]}, "53;19": {"type": "grass", "variant": 0, "pos": [53, 19]}, "53;20": {"type": "grass", "variant": 0, "pos": [53, 20]}, "53;21": {"type": "grass", "variant": 0, "pos": [53, 21]}, "53;22": {"type": "grass", "variant": 0, "pos": [53, 22]}, "54;13": {"type": "grass", "variant": 0, "pos": [54, 13]}, "54;14": {"type": "grass", "variant": 0, "pos": [54, 14]}, "54;15": {"type": "grass", "variant": 0, "pos": [54, 15]}, "54;16": {"type": "grass", "variant": 0, "pos": [54, 16]}, "54;17": {"type": "grass", "variant": 0, "pos": [54, 17]}, "54;18": {"type": "grass", "variant": 0, "pos": [54, 18]}, "54;19": {"type": "grass", "variant": 0, "pos": [54, 19]}, "54;20": {"type": "grass", "variant": 0, "pos": [54, 20]}, "54;21": {"type": "grass", "variant": 0, "pos": [54, 21]}, "54;22": {"type": "grass", "variant": 0, "pos": [54, 22]}, "55;13": {"type": "grass", "variant": 0, "pos": [55, 13]}, "55;14": {"type": "grass", "variant": 0, "pos": [55, 14]}, "55;15": {"type": "grass", "variant": 0, "pos": [55, 15]}, "55;16": {"type": "grass", "variant": 0, "pos": [55, 16]}, "55;17": {"type": "grass", "variant": 0, "pos": [55, 17]}, "55;18": {"type": "grass", "variant": 0, "pos": [55, 18]}, "55;19": {"type": "grass", "variant": 0, "pos": [55, 19]}, "55;20": {"type": "grass", "variant": 0, "pos": [55, 20]}, "55;21": {"type": "grass", "variant": 0, "pos": [55, 21]}, "55;22": {"type": "grass", "variant": 0, "pos": [55, 22]}, "56;13": {"type": "grass", "variant": 0, "pos": [56, 13]}, "56;14": {"type": "grass", "variant": 0, "pos": [56, 14]}, "56;15": {"type": "grass", "variant": 0, "pos": [56, 15]}, "56;16": {"type": "grass", "variant": 0, "pos": [56, 16]}, "56;17": {"type": "grass", "variant": 0, "pos": [56, 17]}, "56;18": {"type": "grass", "variant": 0, "pos": [56, 18]}, "56;19": {"type": "grass", "variant": 0, "pos": [56, 19]}, "56;20": {"type": "grass", "variant": 0, "pos": [56, 20]}, "56;21": {"type": "grass", "variant": 0, "pos": [56, 21]}, "56;22": {"type": "grass", "variant": 0, "pos": [56, 22]}, "57;17": {"type": "grass", "variant": 0, "pos": [57, 17]}, "57;18": {"type": "grass", "variant": 0, "pos": [57, 18]}, "57;19": {"type": "grass", "variant": 0, "pos": [57, 19]}, "57;20": {"type": "grass", "variant": 0, "pos": [57, 20]}, "57;21": {"type": "grass", "variant": 0, "pos": [57, 21]}, "57;22": {"type": "grass", "variant": 0, "pos": [57, 22]}, "58;17": {"type": "grass", "variant": 0, "pos": [58, 17]}, "58;18": {"type": "grass", "variant": 0, "pos": [58, 18]}, "58;19": {"type": "grass", "variant": 0, "pos": [58, 19]}, "58;20": {"type": "grass", "variant": 0, "pos": [58, 20]}, "58;21": {"type": "grass", "variant": 0, "pos": [58, 21]}, "58;22": {"type": "grass", "variant": 0, "pos": [58, 22]}, "59;17": {"type": "grass", "variant": 0, "pos": [59, 17]}, "59;18": {"type": "grass", "variant": 0, "pos": [59, 18]}, "59;19": {"type": "grass", "variant": 0, "pos": [59, 19]}, "59;20": {"type": "grass", "variant": 0, "pos": [59, 20]}, "59;21": {"type": "grass", "variant": 0, "pos": [59, 21]}, "59;22": {"type": "grass", "variant": 0, "pos": [59, 22]}, "60;17": {"type": "grass", "variant": 0, "pos": [60, 17]}, "60;18": {"type": "grass", "variant": 0, "pos": [60, 18]}, "60;19": {"type": "grass", "variant": 0, "pos": [60, 19]}, "60;20": {"type": "grass", "variant": 0, "pos": [60, 20]}, "60;21": {"type": "grass", "variant": 0, "pos": [60, 21]}, "60;22": {"type": "grass", "variant": 0, "pos": [60, 22]}, "61;17": {"type": "grass", "variant": 0, "pos": [61, 17]}, "61;18": {"type": "grass", "variant": 0, "pos": [61, 18]}, "61;19": {"type": "grass", "variant": 0, "pos": [61, 19]}, "61;20": {"type": "grass", "variant": 0, "pos": [61, 20]}, "61;21": {"type": "grass", "variant": 0, "pos": [61, 21]}, "61;22": {"type": "grass", "variant": 0, "pos": [61, 22]}, "62;13": {"type": "grass", "variant": 0, "pos": [62, 13]}, "62;14": {"type": "grass", "variant": 0, "pos": [62, 14]}, "62;15": {"type": "grass", "variant": 0, "pos": [62, 15]}, "62;16": {"type": "grass", "variant": 0, "pos": [62, 16]}, "62;17": {"type": "grass", "variant": 0, "pos": [62, 17]}, "62;18": {"type": "grass", "variant": 0, "pos": [62, 18]}, "62;19": {"type": "grass", "variant": 0, "pos": [62, 19]}, "62;20": {"type": "grass", "variant": 0, "pos": [62, 20]}, "62;21": {"type": "grass", "variant": 0, "pos": [62, 21]}, "62;22": {"type": "grass", "variant": 0, "pos": [62, 22]}, "63;13": {"type": "grass", "variant": 0, "pos": [63, 13]}, "63;14": {"type": "grass", "variant": 0, "pos": [63, 14]}, "63;15": {"type": "grass", "variant": 0, "pos": [63, 15]}, "63;16": {"type": "grass", "variant": 0, "pos": [63, 16]}, "63;17": {"type": "grass", "variant": 0, "pos": [63, 17]}, "63;18": {"type": "grass", "variant": 0, "pos": [63, 18]}, "63;19": {"type": "grass", "variant": 0, "pos": [63, 19]}, "63;20": {"type": "grass", "variant": 0, "pos": [63, 20]}, "63;21": {"type": "grass", "variant": 0, "pos": [63, 21]}, "63;22": {"type": "grass", "variant": 0, "pos": [63, 22]}, "64;14": {"type": "grass", "variant": 0, "pos": [64, 14]}, "64;15": {"type": "grass", "variant": 0, "pos": [64, 15]}, "64;16": {"type": "grass", "variant": 0, "pos": [64, 16]}, "64;17": {"type": "grass", "variant": 0, "pos": [64, 17]}, "64;18": {"type": "grass", "variant": 0, "pos": [64, 18]}, "64;19": {"type": "grass", "variant": 0, "pos": [64, 19]}, "64;20": {"type": "grass", "variant": 0, "pos": [64, 20]}, "64;21": {"type": "grass", "variant": 0, "pos": [64, 21]}, "64;22": {"type": "grass", "variant": 0, "pos": [64, 22]}, "64;23": {"type": "grass", "variant": 0, "pos": [64, 23]}, "65;14": {"type": "grass", "variant": 0, "pos": [65, 14]}, "65;15": {"type": "grass", "variant": 0, "pos": [65, 15]}, "65;16": {"type": "grass", "variant": 0, "pos": [65, 16]}, "65;17": {"type": "grass", "variant": 0, "pos": [65, 17]}, "65;18": {"type": "grass", "variant": 0, "pos": [65, 18]}, "65;19": {"type": "grass", "variant": 0, "pos": [65, 19]}, "65;20": {"type": "grass", "variant": 0, "pos": [65, 20]}, "65;21": {"type": "grass", "variant": 0, "pos": [65, 21]}, "65;22": {"type": "grass", "variant": 0, "pos": [65, 22]}, "65;23": {"type": "grass", "variant": 0, "pos": [65, 23]}, "65;24": {"type": "grass", "variant": 0, "pos": [65, 24]}, "66;15": {"type": "grass", "variant": 0, "pos": [66, 15]}, "66;16": {"type": "grass", "variant": 0, "pos": [66, 16]}, "66;17": {"type": "grass", "variant": 0, "pos": [66, 17]}, "66;18": {"type": "grass", "variant": 0, "pos": [66, 18]}, "66;19": {"type": "grass", "variant": 0, "pos": [66, 19]}, "66;20": {"type": "grass", "variant": 0, "pos": [66, 20]}, "66;21": {"type": "grass", "variant": 0, "pos": [66, 21]}, "66;22": {"type": "grass", "variant": 0, "pos": [66, 22]}, "66;23": {"type": "grass", "variant": 0, "pos": [66, 23]}, "66;24": {"type": "grass", "variant": 0, "pos": [66, 24]}, "67;15": {"type": "grass", "variant": 0, "pos": [67, 15]}, "67;16": {"type": "grass", "variant": 0, "pos": [67, 16]}, "67;17": {"type": "grass", "variant": 0, "pos": [67, 17]}, "67;18": {"type": "grass", "variant": 0, "pos": [67, 18]}, "67;19": {"type": "grass", "variant": 0, "pos": [67, 19]}, "67;20": {"type": "grass", "variant": 0, "pos": [67, 20]}, "67;21": {"type": "grass", "variant": 0, "pos": [67, 21]}, "67;22": {"type": "grass", "variant": 0, "pos": [67, 22]}, "67;23": {"type": "grass", "variant": 0, "pos": [67, 23]}, "67;24": {"type": "grass", "variant": 0, "pos": [67, 24]}, "68;15": {"type": "grass", "variant": 0, "pos": [68, 15]}, "68;16": {"type": "grass", "variant": 0, "pos": [68, 16]}, "68;17": {"type": "grass", "variant": 0, "pos": [68, 17]}, "68;18": {"type": "grass", "variant": 0, "pos": [68, 18]}, "68;19": {"type": "grass", "variant": 0, "pos": [68, 19]}, "68;20": {"type": "grass", "variant": 0, "pos": [68, 20]}, "68;21": {"type": "grass", "variant": 0, "pos": [68, 21]}, "68;22": {"type": "grass", "variant": 0, "pos": [68, 22]}, "68;23": {"type": "grass", "variant": 0, "pos": [68, 23]}, "68;24": {"type": "grass", "variant": 0, "pos": [68, 24]}, "69;15": {"type": "grass", "variant": 0, "pos": [69, 15]}, "69;16": {"type": "grass", "variant": 0, "pos": [69, 16]}, "69;17": {"type": "grass", "variant": 0, "pos": [69, 17]}, "69;18": {"type": "grass", "variant": 0, "pos": [69, 18]}, "69;19": {"type": "grass", "variant": 0, "pos": [69, 19]}, "69;20": {"type": "grass", "variant": 0, "pos": [69, 20]}, "69;21": {"type": "grass", "variant": 0, "pos": [69, 21]}, "69;22": {"type": "grass", "variant": 0, "pos": [69, 22]}, "69;23": {"type": "grass", "variant": 0, "pos": [69, 23]}, "69;24": {"type": "grass", "variant": 0, "pos": [69, 24]}, "70;15": {"type": "grass", "variant": 0, "pos": [70, 15]}, "70;16": {"type": "grass", "variant": 0, "pos": [70, 16]}, "70;17": {"type": "grass", "variant": 0, "pos": [70, 17]}, "70;18": {"type": "grass", "variant": 0, "pos": [70, 18]}, "70;19": {"type": "grass", "variant": 0, "pos": [70, 19]}, "70;20": {"type": "grass", "variant": 0, "pos": [70, 20]}, "70;21": {"type": "grass", "variant": 0, "pos": [70, 21]}, "70;22": {"type": "grass", "variant": 0, "pos": [70, 22]}, "70;23": {"type": "grass", "variant": 0, "pos": [70, 23]}, "70;24": {"type": "grass", "variant": 0, "pos": [70, 24]}, "71;15": {"type": "grass", "variant": 0, "pos": [71, 15]}, "71;16": {"type": "grass", "variant": 0, "pos": [71, 16]}, "71;17": {"type": "grass", "variant": 0, "pos": [71, 17]}, "71;18": {"type": "grass", "variant": 0, "pos": [71, 18]}, "71;19": {"type": "grass", "variant": 0, "pos": [71, 19]}, "71;20": {"type": "grass", "variant": 0, "pos": [71, 20]}, "71;21": {"type": "grass", "variant": 0, "pos": [71, 21]}, "71;22": {"type": "grass", "variant": 0, "pos": [71, 22]}, "71;23": {"type": "grass", "variant": 0, "pos": [71, 23]}, "71;24": {"type": "grass", "variant": 0, "pos": [71, 24]}, "71;25": {"type": "grass", "variant": 0, "pos": [71, 25]}, "72;16": {"type": "grass", "variant": 0, "pos": [72, 16]}, "72;17": {"type": "grass", "variant": 0, "pos": [72, 17]}, "72;18": {"type": "grass", "variant": 0, "pos": [72, 18]}, "72;19": {"type": "grass", "variant": 0, "pos": [72, 19]}, "72;20": {"type": "grass", "variant": 0, "pos": [72, 20]}, "72;21": {"type": "grass", "variant": 0, "pos": [72, 21]}, "72;22": {"type": "grass", "variant": 0, "pos": [72, 22]}, "72;23": {"type": "grass", "variant": 0, "pos": [72, 23]}, "72;24": {"type": "grass", "variant": 0, "pos": [72, 24]}, "72;25": {"type": "grass", "variant": 0, "pos": [72, 25]}, "73;16": {"type": "grass", "variant": 0, "pos": [73, 16]}, "73;17": {"type": "grass", "variant": 0, "pos": [73, 17]}, "73;18": {"type": "grass", "variant": 0, "pos": [73, 18]}, "73;19": {"type": "grass", "variant": 0, "pos": [73, 19]}, "73;20": {"type": "grass", "variant": 0, "pos": [73, 20]}, "73;21": {"type": "grass", "variant": 0, "pos": [73, 21]}, "73;22": {"type": "grass", "variant": 0, "pos": [73, 22]}, "73;23": {"type": "grass", "variant": 0, "pos": [73, 23]}, "73;24": {"type": "grass", "variant": 0, "pos": [73, 24]}, "73;25": {"type": "grass", "variant": 0, "pos": [73, 25]}, "38;16": {"type": "large_decor", "variant": 0, "pos": [38, 16]}, "27;16": {"type": "decor", "variant": 1, "pos": [27, 16]}, "28;16": {"type": "decor", "variant": 1, "pos": [28, 16]}, "29;16": {"type": "decor", "variant": 1, "pos": [29, 16]}, "30;16": {"type": "decor", "variant": 1, "pos": [30, 16]}, "31;16": {"type": "decor", "variant": 1, "pos": [31, 16]}, "32;16": {"type": "decor", "variant": 1, "pos": [32, 16]}, "34;16": {"type": "decor", "variant": 1, "pos": [34, 16]}, "33;16": {"type": "decor", "variant": 1, "pos": [33, 16]}, "36;16": {"type": "decor", "variant": 1, "pos": [36, 16]}, "37;16": {"type": "decor", "variant": 1, "pos": [37, 16]}, "47;12": {"type": "decor", "variant": 0, "pos": [47, 12]}, "48;12": {"type": "decor", "variant": 0, "pos": [48, 12]}, "49;12": {"type": "decor", "variant": 0, "pos": [49, 12]}, "50;12": {"type": "decor", "variant": 0, "pos": [50, 12]}, "51;12": {"type": "decor", "variant": 0, "pos": [51, 12]}, "52;12": {"type": "decor", "variant": 0, "pos": [52, 12]}, "53;12": {"type": "decor", "variant": 0, "pos": [53, 12]}, "54;12": {"type": "decor", "variant": 0, "pos": [54, 12]}, "55;12": {"type": "decor", "variant": 0, "pos": [55, 12]}, "56;12": {"type": "decor", "variant": 0, "pos": [56, 12]}, "62;12": {"type": "decor", "variant": 0, "pos": [62, 12]}, "57;13": {"type": "grass", "variant": 0, "pos": [57, 13]}, "57;14": {"type": "grass", "variant": 0, "pos": [57, 14]}, "57;15": {"type": "grass", "variant": 0, "pos": [57, 15]}, "57;16": {"type": "grass", "variant": 0, "pos": [57, 16]}, "58;13": {"type": "grass", "variant": 0, "pos": [58, 13]}, "58;14": {"type": "grass", "variant": 0, "pos": [58, 14]}, "58;15": {"type": "grass", "variant": 0, "pos": [58, 15]}, "58;16": {"type": "grass", "variant": 0, "pos": [58, 16]}, "59;13": {"type": "grass", "variant": 0, "pos": [59, 13]}, "59;14": {"type": "grass", "variant": 0, "pos": [59, 14]}, "59;15": {"type": "grass", "variant": 0, "pos": [59, 15]}, "59;16": {"type": "grass", "variant": 0, "pos": [59, 16]}, "60;13": {"type": "grass", "variant": 0, "pos": [60, 13]}, "60;14": {"type": "grass", "variant": 0, "pos": [60, 14]}, "60;15": {"type": "grass", "variant": 0, "pos": [60, 15]}, "60;16": {"type": "grass", "variant": 0, "pos": [60, 16]}, "61;13": {"type": "grass", "variant": 0, "pos": [61, 13]}, "61;14": {"type": "grass", "variant": 0, "pos": [61, 14]}, "61;15": {"type": "grass", "variant": 0, "pos": [61, 15]}, "61;16": {"type": "grass", "variant": 0, "pos": [61, 16]}}, "tile_size": 16, "offgrid": [{"type": "decor", "variant": 0, "pos": [43.5, 252.0]}, {"type": "decor", "variant": 0, "pos": [72.5, 253.5]}, {"type": "decor", "variant": 0, "pos": [116.0, 253.0]}, {"type": "decor", "variant": 0, "pos": [176.0, 253.5]}, {"type": "decor", "variant": 0, "pos": [204.5, 254.5]}, {"type": "decor", "variant": 0, "pos": [238.5, 254.0]}, {"type": "decor", "variant": 0, "pos": [269.5, 253.0]}, {"type": "decor", "variant": 0, "pos": [10.0, 238.5]}, {"type": "large_decor", "variant": 2, "pos": [72.5, 227.5]}, {"type": "large_decor", "variant": 2, "pos": [206.5, 226.5]}, {"type": "large_decor", "variant": 2, "pos": [271.5, 226.5]}, {"type": "large_decor", "variant": 1, "pos": [125.5, 259.5]}, {"type": "large_decor", "variant": 1, "pos": [191.5, 261.0]}, {"type": "large_decor", "variant": 1, "pos": [265.5, 262.5]}, {"type": "large_decor", "variant": 0, "pos": [618.0, 261.5]}, {"type": "grass", "variant": 0, "pos": [608.5, 272.5]}, {"type": "large_decor", "variant": 0, "pos": [289.0, 262.0]}]}