{"tilemap": {"0;14": {"type": "grass", "variant": 0, "pos": [0, 14]}, "0;15": {"type": "grass", "variant": 7, "pos": [0, 15]}, "0;16": {"type": "grass", "variant": 7, "pos": [0, 16]}, "0;17": {"type": "grass", "variant": 7, "pos": [0, 17]}, "0;18": {"type": "grass", "variant": 7, "pos": [0, 18]}, "0;19": {"type": "grass", "variant": 6, "pos": [0, 19]}, "0;22": {"type": "grass", "variant": 0, "pos": [0, 22]}, "0;23": {"type": "grass", "variant": 6, "pos": [0, 23]}, "1;14": {"type": "grass", "variant": 1, "pos": [1, 14]}, "1;15": {"type": "grass", "variant": 8, "pos": [1, 15]}, "1;16": {"type": "grass", "variant": 8, "pos": [1, 16]}, "1;17": {"type": "grass", "variant": 8, "pos": [1, 17]}, "1;18": {"type": "grass", "variant": 8, "pos": [1, 18]}, "1;19": {"type": "grass", "variant": 8, "pos": [1, 19]}, "1;20": {"type": "grass", "variant": 7, "pos": [1, 20]}, "1;21": {"type": "grass", "variant": 7, "pos": [1, 21]}, "1;22": {"type": "grass", "variant": 8, "pos": [1, 22]}, "1;23": {"type": "grass", "variant": 5, "pos": [1, 23]}, "2;14": {"type": "grass", "variant": 1, "pos": [2, 14]}, "2;15": {"type": "grass", "variant": 8, "pos": [2, 15]}, "2;16": {"type": "grass", "variant": 8, "pos": [2, 16]}, "2;17": {"type": "grass", "variant": 8, "pos": [2, 17]}, "2;18": {"type": "grass", "variant": 8, "pos": [2, 18]}, "2;19": {"type": "grass", "variant": 8, "pos": [2, 19]}, "2;20": {"type": "grass", "variant": 8, "pos": [2, 20]}, "2;21": {"type": "grass", "variant": 8, "pos": [2, 21]}, "2;22": {"type": "grass", "variant": 8, "pos": [2, 22]}, "2;23": {"type": "grass", "variant": 5, "pos": [2, 23]}, "3;14": {"type": "grass", "variant": 1, "pos": [3, 14]}, "3;15": {"type": "grass", "variant": 8, "pos": [3, 15]}, "3;16": {"type": "grass", "variant": 8, "pos": [3, 16]}, "3;17": {"type": "grass", "variant": 8, "pos": [3, 17]}, "3;18": {"type": "grass", "variant": 8, "pos": [3, 18]}, "3;19": {"type": "grass", "variant": 8, "pos": [3, 19]}, "3;20": {"type": "grass", "variant": 8, "pos": [3, 20]}, "3;21": {"type": "grass", "variant": 8, "pos": [3, 21]}, "3;22": {"type": "grass", "variant": 8, "pos": [3, 22]}, "3;23": {"type": "grass", "variant": 5, "pos": [3, 23]}, "4;14": {"type": "grass", "variant": 1, "pos": [4, 14]}, "4;15": {"type": "grass", "variant": 8, "pos": [4, 15]}, "4;16": {"type": "grass", "variant": 8, "pos": [4, 16]}, "4;17": {"type": "grass", "variant": 8, "pos": [4, 17]}, "4;18": {"type": "grass", "variant": 8, "pos": [4, 18]}, "4;19": {"type": "grass", "variant": 8, "pos": [4, 19]}, "4;20": {"type": "grass", "variant": 8, "pos": [4, 20]}, "4;21": {"type": "grass", "variant": 8, "pos": [4, 21]}, "4;22": {"type": "grass", "variant": 8, "pos": [4, 22]}, "4;23": {"type": "grass", "variant": 5, "pos": [4, 23]}, "5;14": {"type": "grass", "variant": 1, "pos": [5, 14]}, "5;15": {"type": "grass", "variant": 8, "pos": [5, 15]}, "5;16": {"type": "grass", "variant": 8, "pos": [5, 16]}, "5;17": {"type": "grass", "variant": 8, "pos": [5, 17]}, "5;18": {"type": "grass", "variant": 8, "pos": [5, 18]}, "5;19": {"type": "grass", "variant": 8, "pos": [5, 19]}, "5;20": {"type": "grass", "variant": 8, "pos": [5, 20]}, "5;21": {"type": "grass", "variant": 8, "pos": [5, 21]}, "5;22": {"type": "grass", "variant": 8, "pos": [5, 22]}, "5;23": {"type": "grass", "variant": 5, "pos": [5, 23]}, "6;14": {"type": "grass", "variant": 1, "pos": [6, 14]}, "6;15": {"type": "grass", "variant": 8, "pos": [6, 15]}, "6;16": {"type": "grass", "variant": 8, "pos": [6, 16]}, "6;17": {"type": "grass", "variant": 8, "pos": [6, 17]}, "6;18": {"type": "grass", "variant": 8, "pos": [6, 18]}, "6;19": {"type": "grass", "variant": 8, "pos": [6, 19]}, "6;20": {"type": "grass", "variant": 8, "pos": [6, 20]}, "6;21": {"type": "grass", "variant": 8, "pos": [6, 21]}, "6;22": {"type": "grass", "variant": 8, "pos": [6, 22]}, "6;23": {"type": "grass", "variant": 5, "pos": [6, 23]}, "7;14": {"type": "grass", "variant": 1, "pos": [7, 14]}, "7;15": {"type": "grass", "variant": 8, "pos": [7, 15]}, "7;16": {"type": "grass", "variant": 8, "pos": [7, 16]}, "7;17": {"type": "grass", "variant": 8, "pos": [7, 17]}, "7;18": {"type": "grass", "variant": 8, "pos": [7, 18]}, "7;19": {"type": "grass", "variant": 8, "pos": [7, 19]}, "7;20": {"type": "grass", "variant": 8, "pos": [7, 20]}, "7;21": {"type": "grass", "variant": 8, "pos": [7, 21]}, "7;22": {"type": "grass", "variant": 8, "pos": [7, 22]}, "7;23": {"type": "grass", "variant": 5, "pos": [7, 23]}, "8;14": {"type": "grass", "variant": 1, "pos": [8, 14]}, "8;15": {"type": "grass", "variant": 8, "pos": [8, 15]}, "8;16": {"type": "grass", "variant": 8, "pos": [8, 16]}, "8;17": {"type": "grass", "variant": 8, "pos": [8, 17]}, "8;18": {"type": "grass", "variant": 8, "pos": [8, 18]}, "8;19": {"type": "grass", "variant": 8, "pos": [8, 19]}, "8;20": {"type": "grass", "variant": 8, "pos": [8, 20]}, "8;21": {"type": "grass", "variant": 8, "pos": [8, 21]}, "8;22": {"type": "grass", "variant": 8, "pos": [8, 22]}, "8;23": {"type": "grass", "variant": 5, "pos": [8, 23]}, "9;14": {"type": "grass", "variant": 1, "pos": [9, 14]}, "9;15": {"type": "grass", "variant": 8, "pos": [9, 15]}, "9;16": {"type": "grass", "variant": 8, "pos": [9, 16]}, "9;17": {"type": "grass", "variant": 8, "pos": [9, 17]}, "9;18": {"type": "grass", "variant": 8, "pos": [9, 18]}, "9;19": {"type": "grass", "variant": 8, "pos": [9, 19]}, "9;20": {"type": "grass", "variant": 8, "pos": [9, 20]}, "9;21": {"type": "grass", "variant": 8, "pos": [9, 21]}, "9;22": {"type": "grass", "variant": 8, "pos": [9, 22]}, "9;23": {"type": "grass", "variant": 5, "pos": [9, 23]}, "10;14": {"type": "grass", "variant": 8, "pos": [10, 14]}, "10;15": {"type": "grass", "variant": 8, "pos": [10, 15]}, "10;16": {"type": "grass", "variant": 8, "pos": [10, 16]}, "10;17": {"type": "grass", "variant": 8, "pos": [10, 17]}, "10;18": {"type": "grass", "variant": 8, "pos": [10, 18]}, "10;19": {"type": "grass", "variant": 8, "pos": [10, 19]}, "10;20": {"type": "grass", "variant": 8, "pos": [10, 20]}, "10;21": {"type": "grass", "variant": 8, "pos": [10, 21]}, "10;22": {"type": "grass", "variant": 8, "pos": [10, 22]}, "10;23": {"type": "grass", "variant": 4, "pos": [10, 23]}, "10;13": {"type": "grass", "variant": 0, "pos": [10, 13]}, "11;13": {"type": "grass", "variant": 8, "pos": [11, 13]}, "11;14": {"type": "grass", "variant": 8, "pos": [11, 14]}, "11;15": {"type": "grass", "variant": 8, "pos": [11, 15]}, "11;16": {"type": "grass", "variant": 8, "pos": [11, 16]}, "11;17": {"type": "grass", "variant": 8, "pos": [11, 17]}, "11;18": {"type": "grass", "variant": 8, "pos": [11, 18]}, "11;19": {"type": "grass", "variant": 8, "pos": [11, 19]}, "11;20": {"type": "grass", "variant": 8, "pos": [11, 20]}, "11;21": {"type": "grass", "variant": 8, "pos": [11, 21]}, "11;22": {"type": "grass", "variant": 4, "pos": [11, 22]}, "11;12": {"type": "grass", "variant": 0, "pos": [11, 12]}, "12;12": {"type": "grass", "variant": 8, "pos": [12, 12]}, "12;13": {"type": "grass", "variant": 8, "pos": [12, 13]}, "12;14": {"type": "grass", "variant": 8, "pos": [12, 14]}, "12;15": {"type": "grass", "variant": 8, "pos": [12, 15]}, "12;16": {"type": "grass", "variant": 8, "pos": [12, 16]}, "12;17": {"type": "grass", "variant": 8, "pos": [12, 17]}, "12;18": {"type": "grass", "variant": 8, "pos": [12, 18]}, "12;19": {"type": "grass", "variant": 8, "pos": [12, 19]}, "12;20": {"type": "grass", "variant": 8, "pos": [12, 20]}, "12;21": {"type": "grass", "variant": 4, "pos": [12, 21]}, "12;11": {"type": "grass", "variant": 0, "pos": [12, 11]}, "13;11": {"type": "grass", "variant": 1, "pos": [13, 11]}, "13;12": {"type": "grass", "variant": 8, "pos": [13, 12]}, "13;13": {"type": "grass", "variant": 8, "pos": [13, 13]}, "13;14": {"type": "grass", "variant": 8, "pos": [13, 14]}, "13;15": {"type": "grass", "variant": 8, "pos": [13, 15]}, "13;16": {"type": "grass", "variant": 8, "pos": [13, 16]}, "13;17": {"type": "grass", "variant": 8, "pos": [13, 17]}, "13;18": {"type": "grass", "variant": 8, "pos": [13, 18]}, "13;19": {"type": "grass", "variant": 8, "pos": [13, 19]}, "13;20": {"type": "grass", "variant": 5, "pos": [13, 20]}, "14;11": {"type": "grass", "variant": 1, "pos": [14, 11]}, "14;12": {"type": "grass", "variant": 8, "pos": [14, 12]}, "14;13": {"type": "grass", "variant": 8, "pos": [14, 13]}, "14;14": {"type": "grass", "variant": 8, "pos": [14, 14]}, "14;15": {"type": "grass", "variant": 8, "pos": [14, 15]}, "14;16": {"type": "grass", "variant": 8, "pos": [14, 16]}, "14;17": {"type": "grass", "variant": 8, "pos": [14, 17]}, "14;18": {"type": "grass", "variant": 8, "pos": [14, 18]}, "14;19": {"type": "grass", "variant": 8, "pos": [14, 19]}, "14;20": {"type": "grass", "variant": 5, "pos": [14, 20]}, "15;11": {"type": "grass", "variant": 1, "pos": [15, 11]}, "15;12": {"type": "grass", "variant": 8, "pos": [15, 12]}, "15;13": {"type": "grass", "variant": 8, "pos": [15, 13]}, "15;14": {"type": "grass", "variant": 8, "pos": [15, 14]}, "15;15": {"type": "grass", "variant": 8, "pos": [15, 15]}, "15;16": {"type": "grass", "variant": 8, "pos": [15, 16]}, "15;17": {"type": "grass", "variant": 8, "pos": [15, 17]}, "15;18": {"type": "grass", "variant": 8, "pos": [15, 18]}, "15;19": {"type": "grass", "variant": 8, "pos": [15, 19]}, "15;20": {"type": "grass", "variant": 5, "pos": [15, 20]}, "16;11": {"type": "grass", "variant": 1, "pos": [16, 11]}, "16;12": {"type": "grass", "variant": 8, "pos": [16, 12]}, "16;13": {"type": "grass", "variant": 8, "pos": [16, 13]}, "16;14": {"type": "grass", "variant": 8, "pos": [16, 14]}, "16;15": {"type": "grass", "variant": 8, "pos": [16, 15]}, "16;16": {"type": "grass", "variant": 8, "pos": [16, 16]}, "16;17": {"type": "grass", "variant": 8, "pos": [16, 17]}, "16;18": {"type": "grass", "variant": 8, "pos": [16, 18]}, "16;19": {"type": "grass", "variant": 8, "pos": [16, 19]}, "16;20": {"type": "grass", "variant": 4, "pos": [16, 20]}, "16;10": {"type": "decor", "variant": 0, "pos": [16, 10]}, "17;10": {"type": "decor", "variant": 0, "pos": [17, 10]}, "17;11": {"type": "grass", "variant": 1, "pos": [17, 11]}, "17;12": {"type": "grass", "variant": 8, "pos": [17, 12]}, "17;13": {"type": "grass", "variant": 8, "pos": [17, 13]}, "17;14": {"type": "grass", "variant": 8, "pos": [17, 14]}, "17;15": {"type": "grass", "variant": 8, "pos": [17, 15]}, "17;16": {"type": "grass", "variant": 8, "pos": [17, 16]}, "17;17": {"type": "grass", "variant": 8, "pos": [17, 17]}, "17;18": {"type": "grass", "variant": 8, "pos": [17, 18]}, "17;19": {"type": "grass", "variant": 5, "pos": [17, 19]}, "18;11": {"type": "grass", "variant": 1, "pos": [18, 11]}, "18;12": {"type": "grass", "variant": 8, "pos": [18, 12]}, "18;13": {"type": "grass", "variant": 8, "pos": [18, 13]}, "18;14": {"type": "grass", "variant": 8, "pos": [18, 14]}, "18;15": {"type": "grass", "variant": 8, "pos": [18, 15]}, "18;16": {"type": "grass", "variant": 8, "pos": [18, 16]}, "18;17": {"type": "grass", "variant": 8, "pos": [18, 17]}, "18;18": {"type": "grass", "variant": 8, "pos": [18, 18]}, "18;19": {"type": "grass", "variant": 5, "pos": [18, 19]}, "19;11": {"type": "grass", "variant": 1, "pos": [19, 11]}, "19;12": {"type": "grass", "variant": 8, "pos": [19, 12]}, "19;13": {"type": "grass", "variant": 8, "pos": [19, 13]}, "19;14": {"type": "grass", "variant": 8, "pos": [19, 14]}, "19;15": {"type": "grass", "variant": 8, "pos": [19, 15]}, "19;16": {"type": "grass", "variant": 8, "pos": [19, 16]}, "19;17": {"type": "grass", "variant": 8, "pos": [19, 17]}, "19;18": {"type": "grass", "variant": 8, "pos": [19, 18]}, "19;19": {"type": "grass", "variant": 5, "pos": [19, 19]}, "20;11": {"type": "grass", "variant": 1, "pos": [20, 11]}, "20;12": {"type": "grass", "variant": 8, "pos": [20, 12]}, "20;13": {"type": "grass", "variant": 8, "pos": [20, 13]}, "20;14": {"type": "grass", "variant": 8, "pos": [20, 14]}, "20;15": {"type": "grass", "variant": 8, "pos": [20, 15]}, "20;16": {"type": "grass", "variant": 8, "pos": [20, 16]}, "20;17": {"type": "grass", "variant": 8, "pos": [20, 17]}, "20;18": {"type": "grass", "variant": 8, "pos": [20, 18]}, "20;19": {"type": "grass", "variant": 5, "pos": [20, 19]}, "21;11": {"type": "grass", "variant": 1, "pos": [21, 11]}, "21;12": {"type": "grass", "variant": 8, "pos": [21, 12]}, "21;13": {"type": "grass", "variant": 8, "pos": [21, 13]}, "21;14": {"type": "grass", "variant": 8, "pos": [21, 14]}, "21;15": {"type": "grass", "variant": 8, "pos": [21, 15]}, "21;16": {"type": "grass", "variant": 8, "pos": [21, 16]}, "21;17": {"type": "grass", "variant": 8, "pos": [21, 17]}, "21;18": {"type": "grass", "variant": 8, "pos": [21, 18]}, "21;19": {"type": "grass", "variant": 5, "pos": [21, 19]}, "22;11": {"type": "grass", "variant": 1, "pos": [22, 11]}, "22;12": {"type": "grass", "variant": 8, "pos": [22, 12]}, "22;13": {"type": "grass", "variant": 8, "pos": [22, 13]}, "22;14": {"type": "grass", "variant": 8, "pos": [22, 14]}, "22;15": {"type": "grass", "variant": 8, "pos": [22, 15]}, "22;16": {"type": "grass", "variant": 8, "pos": [22, 16]}, "22;17": {"type": "grass", "variant": 8, "pos": [22, 17]}, "22;18": {"type": "grass", "variant": 8, "pos": [22, 18]}, "22;19": {"type": "grass", "variant": 5, "pos": [22, 19]}, "23;11": {"type": "grass", "variant": 2, "pos": [23, 11]}, "23;12": {"type": "grass", "variant": 3, "pos": [23, 12]}, "23;13": {"type": "grass", "variant": 3, "pos": [23, 13]}, "23;14": {"type": "grass", "variant": 3, "pos": [23, 14]}, "23;15": {"type": "grass", "variant": 3, "pos": [23, 15]}, "23;16": {"type": "grass", "variant": 3, "pos": [23, 16]}, "23;17": {"type": "grass", "variant": 3, "pos": [23, 17]}, "23;18": {"type": "grass", "variant": 3, "pos": [23, 18]}, "23;19": {"type": "grass", "variant": 4, "pos": [23, 19]}, "27;13": {"type": "grass", "variant": 0, "pos": [27, 13]}, "27;14": {"type": "grass", "variant": 7, "pos": [27, 14]}, "27;15": {"type": "grass", "variant": 7, "pos": [27, 15]}, "27;16": {"type": "grass", "variant": 7, "pos": [27, 16]}, "27;17": {"type": "grass", "variant": 7, "pos": [27, 17]}, "27;18": {"type": "grass", "variant": 7, "pos": [27, 18]}, "27;19": {"type": "grass", "variant": 7, "pos": [27, 19]}, "27;20": {"type": "grass", "variant": 7, "pos": [27, 20]}, "27;21": {"type": "grass", "variant": 7, "pos": [27, 21]}, "27;22": {"type": "grass", "variant": 6, "pos": [27, 22]}, "28;13": {"type": "grass", "variant": 1, "pos": [28, 13]}, "28;14": {"type": "grass", "variant": 8, "pos": [28, 14]}, "28;15": {"type": "grass", "variant": 8, "pos": [28, 15]}, "28;16": {"type": "grass", "variant": 8, "pos": [28, 16]}, "28;17": {"type": "grass", "variant": 8, "pos": [28, 17]}, "28;18": {"type": "grass", "variant": 8, "pos": [28, 18]}, "28;19": {"type": "grass", "variant": 8, "pos": [28, 19]}, "28;20": {"type": "grass", "variant": 8, "pos": [28, 20]}, "28;21": {"type": "grass", "variant": 8, "pos": [28, 21]}, "28;22": {"type": "grass", "variant": 5, "pos": [28, 22]}, "29;13": {"type": "grass", "variant": 1, "pos": [29, 13]}, "29;14": {"type": "grass", "variant": 8, "pos": [29, 14]}, "29;15": {"type": "grass", "variant": 8, "pos": [29, 15]}, "29;16": {"type": "grass", "variant": 8, "pos": [29, 16]}, "29;17": {"type": "grass", "variant": 8, "pos": [29, 17]}, "29;18": {"type": "grass", "variant": 8, "pos": [29, 18]}, "29;19": {"type": "grass", "variant": 8, "pos": [29, 19]}, "29;20": {"type": "grass", "variant": 8, "pos": [29, 20]}, "29;21": {"type": "grass", "variant": 8, "pos": [29, 21]}, "29;22": {"type": "grass", "variant": 4, "pos": [29, 22]}, "30;13": {"type": "grass", "variant": 1, "pos": [30, 13]}, "30;14": {"type": "grass", "variant": 8, "pos": [30, 14]}, "30;15": {"type": "grass", "variant": 8, "pos": [30, 15]}, "30;16": {"type": "grass", "variant": 8, "pos": [30, 16]}, "30;17": {"type": "grass", "variant": 8, "pos": [30, 17]}, "30;18": {"type": "grass", "variant": 8, "pos": [30, 18]}, "30;19": {"type": "grass", "variant": 8, "pos": [30, 19]}, "30;20": {"type": "grass", "variant": 8, "pos": [30, 20]}, "30;21": {"type": "grass", "variant": 5, "pos": [30, 21]}, "31;13": {"type": "grass", "variant": 1, "pos": [31, 13]}, "31;14": {"type": "grass", "variant": 8, "pos": [31, 14]}, "31;15": {"type": "grass", "variant": 8, "pos": [31, 15]}, "31;16": {"type": "grass", "variant": 8, "pos": [31, 16]}, "31;17": {"type": "grass", "variant": 8, "pos": [31, 17]}, "31;18": {"type": "grass", "variant": 8, "pos": [31, 18]}, "31;19": {"type": "grass", "variant": 8, "pos": [31, 19]}, "31;20": {"type": "grass", "variant": 8, "pos": [31, 20]}, "31;21": {"type": "grass", "variant": 5, "pos": [31, 21]}, "32;14": {"type": "grass", "variant": 8, "pos": [32, 14]}, "32;15": {"type": "grass", "variant": 8, "pos": [32, 15]}, "32;16": {"type": "grass", "variant": 8, "pos": [32, 16]}, "32;17": {"type": "grass", "variant": 8, "pos": [32, 17]}, "32;18": {"type": "grass", "variant": 8, "pos": [32, 18]}, "32;19": {"type": "grass", "variant": 8, "pos": [32, 19]}, "32;20": {"type": "grass", "variant": 8, "pos": [32, 20]}, "32;21": {"type": "grass", "variant": 5, "pos": [32, 21]}, "33;13": {"type": "grass", "variant": 1, "pos": [33, 13]}, "33;14": {"type": "grass", "variant": 8, "pos": [33, 14]}, "33;15": {"type": "grass", "variant": 8, "pos": [33, 15]}, "33;16": {"type": "grass", "variant": 8, "pos": [33, 16]}, "33;17": {"type": "grass", "variant": 8, "pos": [33, 17]}, "33;18": {"type": "grass", "variant": 8, "pos": [33, 18]}, "33;19": {"type": "grass", "variant": 8, "pos": [33, 19]}, "33;20": {"type": "grass", "variant": 8, "pos": [33, 20]}, "33;21": {"type": "grass", "variant": 5, "pos": [33, 21]}, "34;13": {"type": "grass", "variant": 1, "pos": [34, 13]}, "34;14": {"type": "grass", "variant": 8, "pos": [34, 14]}, "34;15": {"type": "grass", "variant": 8, "pos": [34, 15]}, "34;16": {"type": "grass", "variant": 8, "pos": [34, 16]}, "34;17": {"type": "grass", "variant": 8, "pos": [34, 17]}, "34;18": {"type": "grass", "variant": 8, "pos": [34, 18]}, "34;19": {"type": "grass", "variant": 8, "pos": [34, 19]}, "34;20": {"type": "grass", "variant": 8, "pos": [34, 20]}, "34;21": {"type": "grass", "variant": 5, "pos": [34, 21]}, "35;13": {"type": "grass", "variant": 1, "pos": [35, 13]}, "35;14": {"type": "grass", "variant": 8, "pos": [35, 14]}, "35;15": {"type": "grass", "variant": 8, "pos": [35, 15]}, "35;16": {"type": "grass", "variant": 8, "pos": [35, 16]}, "35;17": {"type": "grass", "variant": 8, "pos": [35, 17]}, "35;18": {"type": "grass", "variant": 8, "pos": [35, 18]}, "35;19": {"type": "grass", "variant": 8, "pos": [35, 19]}, "35;20": {"type": "grass", "variant": 8, "pos": [35, 20]}, "35;21": {"type": "grass", "variant": 5, "pos": [35, 21]}, "36;13": {"type": "grass", "variant": 1, "pos": [36, 13]}, "36;14": {"type": "grass", "variant": 8, "pos": [36, 14]}, "36;15": {"type": "grass", "variant": 8, "pos": [36, 15]}, "36;16": {"type": "grass", "variant": 8, "pos": [36, 16]}, "36;17": {"type": "grass", "variant": 8, "pos": [36, 17]}, "36;18": {"type": "grass", "variant": 8, "pos": [36, 18]}, "36;19": {"type": "grass", "variant": 8, "pos": [36, 19]}, "36;20": {"type": "grass", "variant": 8, "pos": [36, 20]}, "36;21": {"type": "grass", "variant": 5, "pos": [36, 21]}, "37;13": {"type": "grass", "variant": 1, "pos": [37, 13]}, "37;14": {"type": "grass", "variant": 8, "pos": [37, 14]}, "37;15": {"type": "grass", "variant": 8, "pos": [37, 15]}, "37;16": {"type": "grass", "variant": 8, "pos": [37, 16]}, "37;17": {"type": "grass", "variant": 8, "pos": [37, 17]}, "37;18": {"type": "grass", "variant": 8, "pos": [37, 18]}, "37;19": {"type": "grass", "variant": 8, "pos": [37, 19]}, "37;20": {"type": "grass", "variant": 8, "pos": [37, 20]}, "37;21": {"type": "grass", "variant": 5, "pos": [37, 21]}, "38;13": {"type": "grass", "variant": 2, "pos": [38, 13]}, "38;14": {"type": "grass", "variant": 8, "pos": [38, 14]}, "38;15": {"type": "grass", "variant": 8, "pos": [38, 15]}, "38;16": {"type": "grass", "variant": 8, "pos": [38, 16]}, "38;17": {"type": "grass", "variant": 8, "pos": [38, 17]}, "38;18": {"type": "grass", "variant": 8, "pos": [38, 18]}, "38;19": {"type": "grass", "variant": 8, "pos": [38, 19]}, "38;20": {"type": "grass", "variant": 8, "pos": [38, 20]}, "38;21": {"type": "grass", "variant": 4, "pos": [38, 21]}, "39;14": {"type": "grass", "variant": 2, "pos": [39, 14]}, "39;15": {"type": "grass", "variant": 8, "pos": [39, 15]}, "39;16": {"type": "grass", "variant": 8, "pos": [39, 16]}, "39;17": {"type": "grass", "variant": 8, "pos": [39, 17]}, "39;18": {"type": "grass", "variant": 8, "pos": [39, 18]}, "39;19": {"type": "grass", "variant": 8, "pos": [39, 19]}, "39;20": {"type": "grass", "variant": 5, "pos": [39, 20]}, "40;15": {"type": "grass", "variant": 2, "pos": [40, 15]}, "40;16": {"type": "grass", "variant": 8, "pos": [40, 16]}, "40;17": {"type": "grass", "variant": 8, "pos": [40, 17]}, "40;18": {"type": "grass", "variant": 8, "pos": [40, 18]}, "40;19": {"type": "grass", "variant": 8, "pos": [40, 19]}, "40;20": {"type": "grass", "variant": 8, "pos": [40, 20]}, "40;21": {"type": "grass", "variant": 7, "pos": [40, 21]}, "40;22": {"type": "grass", "variant": 7, "pos": [40, 22]}, "40;23": {"type": "grass", "variant": 7, "pos": [40, 23]}, "40;24": {"type": "grass", "variant": 6, "pos": [40, 24]}, "41;16": {"type": "grass", "variant": 2, "pos": [41, 16]}, "41;17": {"type": "grass", "variant": 8, "pos": [41, 17]}, "41;18": {"type": "grass", "variant": 8, "pos": [41, 18]}, "41;19": {"type": "grass", "variant": 8, "pos": [41, 19]}, "41;20": {"type": "grass", "variant": 8, "pos": [41, 20]}, "41;21": {"type": "grass", "variant": 8, "pos": [41, 21]}, "41;22": {"type": "grass", "variant": 8, "pos": [41, 22]}, "41;23": {"type": "grass", "variant": 8, "pos": [41, 23]}, "41;24": {"type": "grass", "variant": 8, "pos": [41, 24]}, "41;25": {"type": "grass", "variant": 6, "pos": [41, 25]}, "42;17": {"type": "grass", "variant": 1, "pos": [42, 17]}, "42;18": {"type": "grass", "variant": 8, "pos": [42, 18]}, "42;19": {"type": "grass", "variant": 8, "pos": [42, 19]}, "42;20": {"type": "grass", "variant": 8, "pos": [42, 20]}, "42;21": {"type": "grass", "variant": 8, "pos": [42, 21]}, "42;22": {"type": "grass", "variant": 8, "pos": [42, 22]}, "42;23": {"type": "grass", "variant": 8, "pos": [42, 23]}, "42;24": {"type": "grass", "variant": 8, "pos": [42, 24]}, "42;25": {"type": "grass", "variant": 5, "pos": [42, 25]}, "43;17": {"type": "grass", "variant": 1, "pos": [43, 17]}, "43;18": {"type": "grass", "variant": 8, "pos": [43, 18]}, "43;19": {"type": "grass", "variant": 8, "pos": [43, 19]}, "43;20": {"type": "grass", "variant": 8, "pos": [43, 20]}, "43;21": {"type": "grass", "variant": 8, "pos": [43, 21]}, "43;22": {"type": "grass", "variant": 8, "pos": [43, 22]}, "43;23": {"type": "grass", "variant": 8, "pos": [43, 23]}, "43;24": {"type": "grass", "variant": 8, "pos": [43, 24]}, "43;25": {"type": "grass", "variant": 5, "pos": [43, 25]}, "44;16": {"type": "grass", "variant": 0, "pos": [44, 16]}, "44;17": {"type": "grass", "variant": 8, "pos": [44, 17]}, "44;18": {"type": "grass", "variant": 8, "pos": [44, 18]}, "44;19": {"type": "grass", "variant": 8, "pos": [44, 19]}, "44;20": {"type": "grass", "variant": 8, "pos": [44, 20]}, "44;21": {"type": "grass", "variant": 8, "pos": [44, 21]}, "44;22": {"type": "grass", "variant": 8, "pos": [44, 22]}, "44;23": {"type": "grass", "variant": 8, "pos": [44, 23]}, "44;24": {"type": "grass", "variant": 8, "pos": [44, 24]}, "44;25": {"type": "grass", "variant": 5, "pos": [44, 25]}, "45;16": {"type": "grass", "variant": 1, "pos": [45, 16]}, "45;17": {"type": "grass", "variant": 8, "pos": [45, 17]}, "45;18": {"type": "grass", "variant": 8, "pos": [45, 18]}, "45;19": {"type": "grass", "variant": 8, "pos": [45, 19]}, "45;20": {"type": "grass", "variant": 8, "pos": [45, 20]}, "45;21": {"type": "grass", "variant": 8, "pos": [45, 21]}, "45;22": {"type": "grass", "variant": 8, "pos": [45, 22]}, "45;23": {"type": "grass", "variant": 8, "pos": [45, 23]}, "45;24": {"type": "grass", "variant": 8, "pos": [45, 24]}, "45;25": {"type": "grass", "variant": 5, "pos": [45, 25]}, "46;16": {"type": "grass", "variant": 1, "pos": [46, 16]}, "46;17": {"type": "grass", "variant": 8, "pos": [46, 17]}, "46;18": {"type": "grass", "variant": 8, "pos": [46, 18]}, "46;19": {"type": "grass", "variant": 8, "pos": [46, 19]}, "46;20": {"type": "grass", "variant": 8, "pos": [46, 20]}, "46;21": {"type": "grass", "variant": 8, "pos": [46, 21]}, "46;22": {"type": "grass", "variant": 8, "pos": [46, 22]}, "46;23": {"type": "grass", "variant": 8, "pos": [46, 23]}, "46;24": {"type": "grass", "variant": 8, "pos": [46, 24]}, "46;25": {"type": "grass", "variant": 5, "pos": [46, 25]}, "47;16": {"type": "grass", "variant": 1, "pos": [47, 16]}, "47;17": {"type": "grass", "variant": 8, "pos": [47, 17]}, "47;18": {"type": "grass", "variant": 8, "pos": [47, 18]}, "47;19": {"type": "grass", "variant": 8, "pos": [47, 19]}, "47;20": {"type": "grass", "variant": 8, "pos": [47, 20]}, "47;21": {"type": "grass", "variant": 8, "pos": [47, 21]}, "47;22": {"type": "grass", "variant": 8, "pos": [47, 22]}, "47;23": {"type": "grass", "variant": 8, "pos": [47, 23]}, "47;24": {"type": "grass", "variant": 8, "pos": [47, 24]}, "47;25": {"type": "grass", "variant": 5, "pos": [47, 25]}, "48;16": {"type": "grass", "variant": 1, "pos": [48, 16]}, "48;17": {"type": "grass", "variant": 8, "pos": [48, 17]}, "48;18": {"type": "grass", "variant": 8, "pos": [48, 18]}, "48;19": {"type": "grass", "variant": 8, "pos": [48, 19]}, "48;20": {"type": "grass", "variant": 8, "pos": [48, 20]}, "48;21": {"type": "grass", "variant": 8, "pos": [48, 21]}, "48;22": {"type": "grass", "variant": 8, "pos": [48, 22]}, "48;23": {"type": "grass", "variant": 8, "pos": [48, 23]}, "48;24": {"type": "grass", "variant": 8, "pos": [48, 24]}, "48;25": {"type": "grass", "variant": 5, "pos": [48, 25]}, "49;16": {"type": "grass", "variant": 1, "pos": [49, 16]}, "49;17": {"type": "grass", "variant": 8, "pos": [49, 17]}, "49;18": {"type": "grass", "variant": 8, "pos": [49, 18]}, "49;19": {"type": "grass", "variant": 8, "pos": [49, 19]}, "49;20": {"type": "grass", "variant": 8, "pos": [49, 20]}, "49;21": {"type": "grass", "variant": 8, "pos": [49, 21]}, "49;22": {"type": "grass", "variant": 8, "pos": [49, 22]}, "49;23": {"type": "grass", "variant": 8, "pos": [49, 23]}, "49;24": {"type": "grass", "variant": 8, "pos": [49, 24]}, "49;25": {"type": "grass", "variant": 5, "pos": [49, 25]}, "50;16": {"type": "grass", "variant": 1, "pos": [50, 16]}, "50;17": {"type": "grass", "variant": 8, "pos": [50, 17]}, "50;18": {"type": "grass", "variant": 8, "pos": [50, 18]}, "50;19": {"type": "grass", "variant": 8, "pos": [50, 19]}, "50;20": {"type": "grass", "variant": 8, "pos": [50, 20]}, "50;21": {"type": "grass", "variant": 8, "pos": [50, 21]}, "50;22": {"type": "grass", "variant": 8, "pos": [50, 22]}, "50;23": {"type": "grass", "variant": 8, "pos": [50, 23]}, "50;24": {"type": "grass", "variant": 8, "pos": [50, 24]}, "50;25": {"type": "grass", "variant": 5, "pos": [50, 25]}, "51;16": {"type": "grass", "variant": 1, "pos": [51, 16]}, "51;17": {"type": "grass", "variant": 8, "pos": [51, 17]}, "51;18": {"type": "grass", "variant": 8, "pos": [51, 18]}, "51;19": {"type": "grass", "variant": 8, "pos": [51, 19]}, "51;20": {"type": "grass", "variant": 8, "pos": [51, 20]}, "51;21": {"type": "grass", "variant": 8, "pos": [51, 21]}, "51;22": {"type": "grass", "variant": 8, "pos": [51, 22]}, "51;23": {"type": "grass", "variant": 8, "pos": [51, 23]}, "51;24": {"type": "grass", "variant": 8, "pos": [51, 24]}, "51;25": {"type": "grass", "variant": 5, "pos": [51, 25]}, "52;16": {"type": "grass", "variant": 2, "pos": [52, 16]}, "52;17": {"type": "grass", "variant": 8, "pos": [52, 17]}, "52;18": {"type": "grass", "variant": 8, "pos": [52, 18]}, "52;19": {"type": "grass", "variant": 8, "pos": [52, 19]}, "52;20": {"type": "grass", "variant": 8, "pos": [52, 20]}, "52;21": {"type": "grass", "variant": 8, "pos": [52, 21]}, "52;22": {"type": "grass", "variant": 8, "pos": [52, 22]}, "52;23": {"type": "grass", "variant": 8, "pos": [52, 23]}, "52;24": {"type": "grass", "variant": 8, "pos": [52, 24]}, "52;25": {"type": "grass", "variant": 4, "pos": [52, 25]}, "53;17": {"type": "grass", "variant": 2, "pos": [53, 17]}, "53;18": {"type": "grass", "variant": 3, "pos": [53, 18]}, "53;19": {"type": "grass", "variant": 3, "pos": [53, 19]}, "53;20": {"type": "grass", "variant": 3, "pos": [53, 20]}, "53;21": {"type": "grass", "variant": 3, "pos": [53, 21]}, "53;22": {"type": "grass", "variant": 3, "pos": [53, 22]}, "53;23": {"type": "grass", "variant": 3, "pos": [53, 23]}, "53;24": {"type": "grass", "variant": 4, "pos": [53, 24]}, "-2;10": {"type": "spawners", "variant": 0, "pos": [-2, 10]}, "2;13": {"type": "decor", "variant": 0, "pos": [2, 13]}, "3;13": {"type": "decor", "variant": 0, "pos": [3, 13]}, "4;13": {"type": "decor", "variant": 0, "pos": [4, 13]}, "5;13": {"type": "decor", "variant": 0, "pos": [5, 13]}, "6;13": {"type": "decor", "variant": 0, "pos": [6, 13]}, "7;13": {"type": "decor", "variant": 0, "pos": [7, 13]}, "8;13": {"type": "decor", "variant": 0, "pos": [8, 13]}, "9;13": {"type": "decor", "variant": 0, "pos": [9, 13]}, "13;10": {"type": "decor", "variant": 0, "pos": [13, 10]}, "14;10": {"type": "decor", "variant": 0, "pos": [14, 10]}, "15;10": {"type": "decor", "variant": 0, "pos": [15, 10]}, "18;10": {"type": "decor", "variant": 0, "pos": [18, 10]}, "19;10": {"type": "decor", "variant": 0, "pos": [19, 10]}, "20;10": {"type": "decor", "variant": 0, "pos": [20, 10]}, "21;10": {"type": "decor", "variant": 0, "pos": [21, 10]}, "22;10": {"type": "decor", "variant": 0, "pos": [22, 10]}, "37;12": {"type": "large_decor", "variant": 1, "pos": [37, 12]}, "27;12": {"type": "large_decor", "variant": 1, "pos": [27, 12]}, "32;13": {"type": "grass", "variant": 1, "pos": [32, 13]}, "16;8": {"type": "spawners", "variant": 1, "pos": [16, 8]}, "31;10": {"type": "spawners", "variant": 1, "pos": [31, 10]}, "46;13": {"type": "spawners", "variant": 1, "pos": [46, 13]}}, "tile_size": 16, "offgrid": [{"type": "large_decor", "variant": 2, "pos": [190.0, 130.0]}, {"type": "large_decor", "variant": 2, "pos": [348.0, 131.0]}, {"type": "large_decor", "variant": 2, "pos": [430.0, 163.5]}, {"type": "large_decor", "variant": 2, "pos": [587.0, 162.5]}, {"type": "large_decor", "variant": 1, "pos": [594.0, 197.5]}, {"type": "large_decor", "variant": 1, "pos": [433.0, 199.5]}, {"type": "large_decor", "variant": 1, "pos": [516.5, 193.5]}]}